date,open,close,high,low,volume,code
2020-01-02,119.0,118.5,119.7,118.0,3536349.0,00016
2020-01-03,119.7,118.5,119.8,118.2,2613027.0,00016
2020-01-06,119.1,117.4,119.1,116.1,4847367.0,00016
2020-01-07,117.8,117.0,118.1,116.6,2334863.0,00016
2020-01-08,115.0,116.4,116.7,114.8,3413486.0,00016
2020-01-09,117.8,118.2,118.2,116.7,2954929.0,00016
2020-01-10,118.8,119.0,119.0,117.4,3074250.0,00016
2020-01-13,119.1,121.3,122.5,118.0,6724797.0,00016
2020-01-14,123.0,121.2,123.0,120.8,4354478.0,00016
2020-01-15,121.7,121.9,121.9,119.6,3850173.0,00016
2020-01-16,122.3,122.0,122.5,120.9,5825239.0,00016
2020-01-17,122.6,123.0,123.5,121.7,4224061.0,00016
2020-01-20,124.0,122.0,124.0,121.3,2520138.0,00016
2020-01-21,120.8,118.7,120.8,118.1,5113553.0,00016
2020-01-22,118.0,118.5,118.8,116.6,4853177.0,00016
2020-01-23,116.5,115.9,117.2,115.5,5046312.0,00016
2020-01-24,115.5,115.7,116.5,114.5,1987335.0,00016
2020-01-29,111.8,112.1,112.6,111.7,4208366.0,00016
2020-01-30,112.3,110.2,112.3,109.4,4341922.0,00016
2020-01-31,110.6,109.3,111.2,108.8,4223717.0,00016
2020-02-03,109.0,108.0,109.0,107.5,4016478.0,00016
2020-02-04,110.8,110.4,110.8,108.9,4916427.0,00016
2020-02-05,112.8,110.5,112.8,109.7,2870030.0,00016
2020-02-06,112.3,113.5,114.3,110.8,3752338.0,00016
2020-02-07,114.0,113.5,114.1,112.9,3178940.0,00016
2020-02-10,112.1,112.7,113.5,111.3,2990378.0,00016
2020-02-11,113.7,112.4,114.0,112.0,3022163.0,00016
2020-02-12,113.0,113.7,113.8,112.1,3547259.0,00016
2020-02-13,114.5,113.8,114.5,113.1,1955035.0,00016
2020-02-14,114.4,115.5,116.1,114.0,2327617.0,00016
2020-02-17,116.0,115.7,116.4,115.1,1262855.0,00016
2020-02-18,115.6,114.3,115.6,113.7,1643454.0,00016
2020-02-19,114.5,115.0,115.8,114.1,1750980.0,00016
2020-02-20,115.0,113.7,115.3,113.3,3202300.0,00016
2020-02-21,113.4,112.5,113.5,112.0,3467323.0,00016
2020-02-24,111.8,111.1,112.1,110.9,3299298.0,00016
2020-02-25,110.2,111.2,111.2,110.2,4373081.0,00016
2020-02-26,110.0,111.4,111.7,109.9,3912017.0,00016
2020-02-27,110.0,113.1,113.7,110.0,4355183.0,00016
2020-02-28,110.3,110.8,111.1,109.0,6223528.0,00016
2020-03-02,109.7,109.0,110.4,108.7,5541585.0,00016
2020-03-03,110.0,109.0,110.0,108.8,5034450.0,00016
2020-03-04,109.1,110.8,112.0,108.6,7552582.0,00016
2020-03-05,111.5,113.7,113.7,111.5,6513189.0,00016
2020-03-06,112.4,111.1,113.5,110.5,3200176.0,00016
2020-03-09,108.0,106.9,109.4,106.6,8375153.0,00016
2020-03-10,108.7,108.2,109.5,106.0,5874203.0,00016
2020-03-11,110.5775,108.4529,110.5775,107.7447,4367443.0,00016
2020-03-12,107.2389,104.305,107.8459,104.2038,5348015.0,00016
2020-03-13,99.3477,103.1921,103.1921,97.3243,12665871.0,00016
2020-03-16,100.2582,101.9781,106.126,99.8536,9885129.0,00016
2020-03-17,101.5735,102.2816,104.2038,100.6123,8438288.0,00016
2020-03-18,101.1688,98.8925,103.3945,97.729,9257319.0,00016
2020-03-19,98.0325,95.4022,99.9042,93.3282,9263693.0,00016
2020-03-20,95.4527,96.9703,100.1065,95.4527,12868875.0,00016
2020-03-23,93.1764,92.5694,93.227,90.9507,9614937.0,00016
2020-03-24,94.9975,97.0208,97.0714,94.3905,7889519.0,00016
2020-03-25,98.7407,100.8147,100.8653,98.2855,7582461.0,00016
2020-03-26,101.7758,101.7758,102.0793,99.7018,6912578.0,00016
2020-03-27,101.9781,102.1804,102.6863,100.7135,6043762.0,00016
2020-03-30,99.1454,100.1571,101.1688,98.6901,4647186.0,00016
2020-03-31,102.6863,103.3945,103.3945,99.9548,7047990.0,00016
2020-04-01,100.41,103.5968,103.7991,100.41,5533647.0,00016
2020-04-02,102.1805,103.9003,103.9003,100.9664,3836877.0,00016
2020-04-03,104.2038,103.4957,104.2038,102.0793,2900900.0,00016
2020-04-06,104.912,107.0366,107.2389,104.305,4470188.0,00016
2020-04-07,109.2623,109.0599,109.2623,105.9237,5407530.0,00016
2020-04-08,107.5424,107.6436,108.7564,106.8342,4419446.0,00016
2020-04-09,108.2506,109.4646,109.4646,107.0366,2942255.0,00016
2020-04-14,109.2623,109.2623,110.1728,108.3518,5619860.0,00016
2020-04-15,110.0716,108.6553,110.0716,108.2506,5195872.0,00016
2020-04-16,107.7447,108.6553,109.7681,107.3401,3201089.0,00016
2020-04-17,110.0716,110.1728,111.1845,109.3635,3125587.0,00016
2020-04-20,109.3634,106.9354,109.9704,106.5307,4859191.0,00016
2020-04-21,106.2272,105.0132,106.9354,104.4062,3160288.0,00016
2020-04-22,105.2155,103.9003,105.2155,103.3945,6227253.0,00016
2020-04-23,105.7214,105.4179,105.7214,103.7992,2747282.0,00016
2020-04-24,103.7992,103.7992,104.305,102.7875,3264486.0,00016
2020-04-27,104.2038,106.4295,106.4295,103.7992,5113520.0,00016
2020-04-28,107.2389,108.0483,108.0483,105.2155,3678545.0,00016
2020-04-29,108.8576,107.6436,108.9588,106.9354,3073245.0,00016
2020-05-04,104.6085,103.7992,105.7214,103.7992,3523505.0,00016
2020-05-05,105.2155,105.1144,105.6202,103.4957,1546307.0,00016
2020-05-06,105.519,105.3167,106.2272,104.5073,3047641.0,00016
2020-05-07,104.912,103.698,104.912,103.2933,4418850.0,00016
2020-05-08,104.912,103.5968,104.912,102.7875,7040497.0,00016
2020-05-11,104.2038,103.3945,106.0249,103.1922,6371965.0,00016
2020-05-12,102.5851,100.4606,103.1921,99.1454,10898796.0,00016
2020-05-13,99.6512,99.0948,100.0559,96.7173,8219454.0,00016
2020-05-14,97.6279,97.8302,98.0325,96.7679,5749961.0,00016
2020-05-15,97.2232,97.729,98.8925,97.122,4024706.0,00016
2020-05-18,98.1337,98.0326,99.3477,98.0326,3952660.0,00016
2020-05-19,100.6629,100.3594,100.8653,100.0053,7454480.0,00016
2020-05-20,100.4606,100.2582,100.5618,99.1454,4328120.0,00016
2020-05-21,100.5618,99.5501,100.6124,98.4372,4318959.0,00016
2020-05-22,95.4527,91.8107,95.4527,91.1531,30108181.0,00016
2020-05-25,91.0519,90.1414,91.1531,88.6238,13867888.0,00016
2020-05-26,91.3048,93.6823,93.8846,91.2542,11377602.0,00016
2020-05-27,93.7834,93.8846,94.3905,92.5188,8995647.0,00016
2020-05-28,91.3048,92.7718,93.6823,91.0519,10552549.0,00016
2020-05-29,91.2542,90.0402,91.6083,89.7873,35179225.0,00016
2020-06-01,92.4683,95.5539,96.6668,92.3165,14712379.0,00016
2020-06-02,94.694,97.3749,97.5773,94.694,6153068.0,00016
2020-06-03,98.1337,97.2738,98.7407,95.8068,6053104.0,00016
2020-06-04,98.1337,96.9703,98.1337,96.6668,5646469.0,00016
2020-06-05,96.3633,100.9159,101.7758,96.3633,11383160.0,00016
2020-06-08,104.2038,101.6746,104.2038,101.5735,10340709.0,00016
2020-06-09,102.7875,104.0015,104.7097,101.27,11345592.0,00016
2020-06-10,104.6085,103.698,105.9237,103.2933,8981152.0,00016
2020-06-11,102.5851,100.6629,103.1921,100.1571,7706116.0,00016
2020-06-12,97.2232,101.4723,101.4723,96.8691,4882338.0,00016
2020-06-15,99.1454,98.7407,101.7758,98.0831,7919509.0,00016
2020-06-16,101.5735,99.9042,101.9781,99.9042,5168466.0,00016
2020-06-17,100.1571,101.4723,101.8769,100.1571,8718201.0,00016
2020-06-18,100.9158,102.1804,102.8886,100.1065,4501035.0,00016
2020-06-19,100.9664,104.4062,105.1143,100.9664,10514273.0,00016
2020-06-22,103.3945,102.484,103.7992,101.5734,4042426.0,00016
2020-06-23,101.7758,102.7875,103.091,100.3594,3134788.0,00016
2020-06-24,100.6629,101.5734,101.9781,100.6629,5081383.0,00016
2020-06-26,100.7641,100.9159,101.7758,100.2583,3065273.0,00016
2020-06-29,101.6746,99.2971,101.6746,98.336,4811013.0,00016
2020-06-30,99.196,100.1065,100.4606,99.196,5221027.0,00016
2020-07-02,100.1065,102.5851,102.6863,100.1065,9627760.0,00016
2020-07-03,103.1922,102.2816,103.3945,101.877,4475780.0,00016
2020-07-06,102.8886,105.4179,106.126,102.484,9652534.0,00016
2020-07-07,105.519,101.9781,105.9237,101.8769,9234451.0,00016
2020-07-08,101.6746,101.1688,102.3828,100.0054,7153643.0,00016
2020-07-09,100.7641,99.2971,101.0676,99.2466,7691565.0,00016
2020-07-10,98.7913,99.3477,99.7018,98.336,7264905.0,00016
2020-07-13,100.1065,99.0442,101.1688,98.943,3674985.0,00016
2020-07-14,98.5384,99.5501,100.1065,98.1337,6078747.0,00016
2020-07-15,100.4606,99.803,100.7641,98.6901,4014448.0,00016
2020-07-16,100.1571,98.589,100.4606,98.1843,3795215.0,00016
2020-07-17,98.336,97.7796,98.5889,97.3243,3171234.0,00016
2020-07-20,98.1337,96.515,98.1337,95.5033,4124737.0,00016
2020-07-21,95.1492,96.5656,97.0209,95.1492,3846121.0,00016
2020-07-22,95.908,94.9469,96.8185,94.3905,4001038.0,00016
2020-07-23,94.694,93.7834,94.8457,93.1764,4558730.0,00016
2020-07-24,91.7601,93.5305,94.087,91.5577,5394286.0,00016
2020-07-27,93.7329,92.7212,94.2893,91.9118,3181947.0,00016
2020-07-28,93.2776,93.834,94.3399,92.7718,3599804.0,00016
2020-07-29,93.5305,93.5305,94.2893,92.9235,2507487.0,00016
2020-07-30,93.6823,94.9975,96.4138,93.3282,5494860.0,00016
2020-07-31,94.8457,96.0092,96.0092,94.2893,4694342.0,00016
2020-08-03,94.7446,95.5033,96.0597,94.2893,3052638.0,00016
2020-08-04,95.908,97.3244,98.4372,95.5033,4298739.0,00016
2020-08-05,97.7796,97.4761,98.4372,96.8185,2739251.0,00016
2020-08-06,98.7407,97.2232,98.7407,96.2115,1726550.0,00016
2020-08-07,97.9819,95.7056,97.9819,95.2504,3331307.0,00016
2020-08-10,95.6045,96.0597,96.6162,95.3516,1737562.0,00016
2020-08-11,97.2738,98.5384,98.6396,96.4644,4657651.0,00016
2020-08-12,98.8419,100.6123,100.7641,97.7796,6135352.0,00016
2020-08-13,100.6124,101.1688,101.1688,99.3478,4766154.0,00016
2020-08-14,101.1688,100.41,101.2699,99.6007,4777246.0,00016
2020-08-17,101.1182,99.7018,101.3711,99.6006,3762803.0,00016
2020-08-18,99.7524,99.9042,100.6123,99.3477,2149206.0,00016
2020-08-19,100.1571,100.1571,100.8653,99.3983,2493200.0,00016
2020-08-20,99.8536,99.8536,100.1571,98.8925,3791846.0,00016
2020-08-21,100.7135,101.017,101.9781,99.7524,4653952.0,00016
2020-08-24,101.7758,103.091,103.3945,101.3711,3443517.0,00016
2020-08-25,102.1805,102.6863,103.091,101.877,2270737.0,00016
2020-08-26,102.7875,102.9898,102.9898,101.7758,1477413.0,00016
2020-08-27,102.2816,102.6863,102.8886,101.877,2435857.0,00016
2020-08-28,102.484,104.1027,104.5073,102.484,4582118.0,00016
2020-08-31,105.2155,105.4179,106.4295,104.912,6878420.0,00016
2020-09-01,103.5968,102.8886,104.7097,102.8886,2574770.0,00016
2020-09-02,102.8886,102.9898,103.7992,101.5735,3636995.0,00016
2020-09-03,103.1922,101.877,103.3945,101.1688,4881243.0,00016
2020-09-04,102.2816,100.6629,102.3828,99.2971,6698735.0,00016
2020-09-07,99.4995,100.41,101.017,99.4995,2228636.0,00016
2020-09-08,100.7135,100.3088,103.091,99.4995,1990079.0,00016
2020-09-09,99.1454,101.2699,101.7758,99.1454,3308531.0,00016
2020-09-10,101.2699,101.0676,101.3711,100.2077,2305422.0,00016
2020-09-11,101.1688,101.3711,101.5734,99.803,4722176.0,00016
2020-09-14,101.5735,101.6746,102.484,101.0676,2819856.0,00016
2020-09-15,100.3594,101.5734,102.484,100.3594,3919638.0,00016
2020-09-16,101.5734,102.7875,103.091,101.4723,3002232.0,00016
2020-09-17,102.7875,102.5851,103.698,102.3828,6835396.0,00016
2020-09-18,102.6863,102.0793,102.7875,101.5734,4655515.0,00016
2020-09-21,101.6746,100.8653,102.6863,100.6629,2843837.0,00016
2020-09-22,100.2583,99.5501,100.3594,99.3983,2620725.0,00016
2020-09-23,99.4489,99.196,99.8536,98.6396,2930048.0,00016
2020-09-24,98.2349,99.7018,99.7018,98.1843,4375308.0,00016
2020-09-25,99.3477,99.196,100.7135,98.8419,3165176.0,00016
2020-09-28,98.6901,99.0442,99.5501,98.6901,2855701.0,00016
2020-09-29,98.6396,98.3866,99.0948,97.7796,3692509.0,00016
2020-09-30,99.1454,99.9547,100.3594,98.589,4267372.0,00016
2020-10-05,101.017,100.1571,101.6746,99.9547,3860833.0,00016
2020-10-06,101.2699,100.1571,101.2699,99.803,1811512.0,00016
2020-10-07,100.5112,101.0676,102.0793,99.9547,4391241.0,00016
2020-10-08,100.6629,100.3088,101.017,99.8536,2865569.0,00016
2020-10-09,100.9158,99.6512,101.0676,99.0442,3481545.0,00016
2020-10-12,99.0442,100.0559,100.6629,99.0442,3292300.0,00016
2020-10-14,101.0676,100.0053,101.0676,99.6512,4597178.0,00016
2020-10-15,100.4606,99.3983,100.4606,98.943,3567111.0,00016
2020-10-16,99.0948,99.3477,100.1571,98.8419,2370446.0,00016
2020-10-19,99.6512,100.0559,100.1571,99.196,1853970.0,00016
2020-10-20,99.5501,99.3477,99.9547,98.6395,2428359.0,00016
2020-10-21,99.0442,98.8419,99.2466,98.6396,2967703.0,00016
2020-10-22,98.6901,98.8925,98.9936,98.1337,2520884.0,00016
2020-10-23,98.7913,99.1454,99.2972,98.1337,3203303.0,00016
2020-10-27,98.7407,97.9314,99.4489,97.729,4314775.0,00016
2020-10-28,97.6279,97.6279,98.2349,97.4255,4118680.0,00016
2020-10-29,97.6784,99.6512,100.0559,97.6279,5990724.0,00016
2020-10-30,99.3983,100.3088,100.9664,99.1454,4557339.0,00016
2020-11-02,100.3089,98.7913,100.3089,98.6902,4018502.0,00016
2020-11-03,99.8536,101.877,102.0793,99.4489,5148581.0,00016
2020-11-04,101.1688,101.7758,103.4957,100.8147,2932665.0,00016
2020-11-05,104.0015,103.091,104.0015,102.5851,3772728.0,00016
2020-11-06,104.6085,105.1144,105.1144,103.5968,6110631.0,00016
2020-11-09,105.1144,104.0653,105.534,103.4359,3318313.0,00016
2020-11-10,106.8977,109.1007,109.3105,106.4781,11260410.0,00016
2020-11-11,109.4154,112.5626,112.7724,108.4713,7274038.0,00016
2020-11-12,112.6675,110.1498,112.6675,108.9958,4622045.0,00016
2020-11-13,108.1566,109.3105,109.3105,107.3174,2331937.0,00016
2020-11-16,110.0449,109.2056,110.3596,107.9468,1970611.0,00016
2020-11-17,109.4154,111.6184,111.6184,108.4713,3148489.0,00016
2020-11-18,110.1498,111.9331,111.9331,109.6252,2666134.0,00016
2020-11-19,111.4086,111.8282,113.2969,111.1988,2645737.0,00016
2020-11-20,111.8282,111.7233,112.2479,110.7792,4152681.0,00016
2020-11-23,111.5135,108.9958,111.5135,107.9468,3706879.0,00016
2020-11-24,108.2615,111.1988,111.1988,108.0517,4631299.0,00016
2020-11-25,112.2479,112.2479,115.395,111.3037,8139625.0,00016
2020-11-26,112.3528,109.94,112.3528,109.3105,2599150.0,00016
2020-11-27,109.7302,110.4645,110.5694,108.3664,2079403.0,00016
2020-11-30,110.7792,108.5762,111.0939,108.1566,7174687.0,00016
2020-12-01,107.6321,108.8909,109.2056,107.2124,2526509.0,00016
2020-12-02,108.1566,108.8909,109.4154,107.8419,2062934.0,00016
2020-12-03,109.8351,108.786,109.8351,107.737,2498260.0,00016
2020-12-04,108.8909,108.2615,109.4154,108.0517,5121497.0,00016
2020-12-07,108.4713,108.5762,109.2056,107.5272,1935277.0,00016
2020-12-08,108.5762,108.0517,109.2056,107.4223,2118120.0,00016
2020-12-09,108.5762,109.4154,110.4645,108.3664,3342373.0,00016
2020-12-10,109.1007,109.7302,110.2547,108.4713,2545617.0,00016
2020-12-11,109.7302,110.4645,110.7792,108.9958,4285953.0,00016
2020-12-14,110.3596,110.4645,111.7233,110.0449,2402342.0,00016
2020-12-15,110.0449,109.1007,111.1988,108.2615,1917463.0,00016
2020-12-16,110.2547,109.94,110.6743,109.2056,2530444.0,00016
2020-12-17,109.2056,108.8909,109.94,108.8909,3361895.0,00016
2020-12-18,108.5762,107.5272,109.3105,107.2124,5939702.0,00016
2020-12-21,107.3174,106.2683,108.0517,106.1634,2849551.0,00016
2020-12-22,105.7438,105.4291,106.3732,104.1702,2850622.0,00016
2020-12-23,104.5898,104.8521,105.534,104.0653,4560885.0,00016
2020-12-24,105.0094,105.0094,105.0094,105.0094,0.0,00016
2020-12-28,104.9045,103.331,105.534,103.1736,7173174.0,00016
2020-12-29,103.1736,103.1736,103.6457,102.5442,2562097.0,00016
2020-12-30,103.1736,104.2227,104.6947,103.1736,5164941.0,00016
2020-12-31,105.0094,105.0094,105.0094,105.0094,0.0,00016
2021-01-04,104.9045,108.3664,108.4713,104.7996,5390996.0,00016
2021-01-05,109.1007,111.8282,112.2479,107.737,7647687.0,00016
2021-01-06,111.7233,111.8282,112.3528,110.5694,3931667.0,00016
2021-01-07,112.0381,111.8282,112.5626,110.7792,3364019.0,00016
2021-01-08,111.8282,112.4577,112.4577,109.5203,3316549.0,00016
2021-01-11,112.7724,113.2969,113.7165,111.4086,3618601.0,00016
2021-01-12,112.8773,113.0871,114.3459,110.2547,2139936.0,00016
2021-01-13,112.5626,113.6116,114.0312,111.9331,3543480.0,00016
2021-01-14,113.9263,113.2969,114.1362,112.0381,3082780.0,00016
2021-01-15,113.6116,113.9263,115.2901,113.2969,5046364.0,00016
2021-01-18,113.7165,113.8214,114.7655,112.8773,3364826.0,00016
2021-01-19,113.9263,116.9686,118.1225,113.6116,9144251.0,00016
2021-01-20,117.4931,115.0803,117.4931,114.241,3393501.0,00016
2021-01-21,115.395,115.0803,115.8146,113.9263,4176155.0,00016
2021-01-22,114.6607,114.346,115.7097,113.5067,4363654.0,00016
2021-01-25,114.0312,113.4018,115.6048,111.3037,3624125.0,00016
2021-01-26,111.9331,113.8214,114.8705,111.9331,2895473.0,00016
2021-01-27,114.5557,113.9263,115.2901,112.6675,3314784.0,00016
2021-01-28,113.2969,112.5626,113.2969,110.6743,4479750.0,00016
2021-01-29,111.3037,111.1988,112.2479,110.3596,6994023.0,00016
2021-02-01,111.1988,111.8282,111.8282,109.7301,4732051.0,00016
2021-02-02,112.7724,111.4086,114.0312,109.8351,4333339.0,00016
2021-02-03,111.9332,111.1988,112.9822,109.8351,4186370.0,00016
2021-02-04,111.1988,110.6743,111.9331,110.0449,3229162.0,00016
2021-02-05,111.1988,110.8841,111.6184,109.94,3166153.0,00016
2021-02-08,110.8841,111.3037,111.9332,110.4645,2087975.0,00016
2021-02-09,111.1988,110.989,111.5135,110.5694,1979376.0,00016
2021-02-10,111.1988,112.4577,112.4577,111.1988,3230335.0,00016
2021-02-11,114.1361,114.1361,114.1361,114.1361,0.0,00016
2021-02-16,115.395,117.3882,118.4372,114.5557,4720562.0,00016
2021-02-17,119.5912,116.444,119.5912,116.0244,4669232.0,00016
2021-02-18,115.8146,116.549,117.8078,115.4999,2111288.0,00016
2021-02-19,116.9686,119.4863,119.5912,116.444,3160404.0,00016
2021-02-22,120.6402,124.1021,125.5707,119.6961,8942917.0,00016
2021-02-23,125.8855,130.3963,130.3963,124.1021,9446406.0,00016
2021-02-24,130.3964,126.9345,130.3964,125.0462,8404283.0,00016
2021-02-25,126.2002,131.1307,131.865,125.0462,8843681.0,00016
2021-02-26,129.3473,130.7111,131.3405,128.1933,7781896.0,00016
2021-03-01,132.1797,125.8855,132.1797,124.6266,5221110.0,00016
2021-03-02,126.41,125.0462,127.0394,124.1021,3688781.0,00016
2021-03-03,125.8855,125.8855,126.6198,124.1021,3034875.0,00016
2021-03-04,124.8364,124.9413,126.8296,123.6825,3960900.0,00016
2021-03-05,123.053,125.0462,125.0462,122.7383,3264356.0,00016
2021-03-08,123.8923,124.7315,125.4658,123.6824,2849215.0,00016
2021-03-09,124.207,126.2002,126.3051,123.7874,4502007.0,00016
2021-03-10,128.2673,126.3592,128.2673,125.6171,2922335.0,00016
2021-03-11,125.2991,124.9811,128.2673,124.5571,5175918.0,00016
2021-03-12,125.2991,125.2991,126.5712,124.5571,3917877.0,00016
2021-03-15,125.2991,124.3451,125.6171,122.861,4010992.0,00016
2021-03-16,124.3451,123.815,124.5571,122.437,2830708.0,00016
2021-03-17,123.603,124.1331,124.2391,122.437,1961954.0,00016
2021-03-18,125.2991,124.7691,125.2991,124.133,2150764.0,00016
2021-03-19,123.921,122.861,124.9811,122.861,6483207.0,00016
2021-03-22,122.4369,123.179,123.603,121.3769,3170901.0,00016
2021-03-23,123.073,124.027,124.239,122.4369,2312002.0,00016
2021-03-24,122.861,119.7868,123.179,118.8327,4508094.0,00016
2021-03-25,118.3027,118.9387,119.3628,117.8787,5313832.0,00016
2021-03-26,120.7409,120.9529,121.0589,119.5748,2568626.0,00016
2021-03-29,119.3628,123.179,124.027,119.3628,2838841.0,00016
2021-03-30,124.3451,129.3274,129.9634,123.815,8005474.0,00016
2021-03-31,129.6454,124.8751,129.8574,124.6631,4408860.0,00016
2021-04-01,123.709,124.8751,125.4051,123.603,2260476.0,00016
2021-04-07,123.709,124.2391,124.6631,123.179,3806340.0,00016
2021-04-08,122.861,125.1931,125.9352,122.861,2008311.0,00016
2021-04-09,125.0871,125.5111,126.1471,124.027,1629559.0,00016
2021-04-12,126.7832,125.0871,126.7832,123.921,2153530.0,00016
2021-04-13,125.2991,126.6772,127.5252,125.2991,3428684.0,00016
2021-04-14,127.6313,129.9634,131.4475,126.7832,6597324.0,00016
2021-04-15,129.9634,128.3733,129.9634,127.5252,2676839.0,00016
2021-04-16,128.0553,126.4652,128.2673,126.1472,2604591.0,00016
2021-04-19,126.6772,126.5712,127.4192,125.5111,1592848.0,00016
2021-04-20,126.5712,126.9952,128.3733,126.2532,2105232.0,00016
2021-04-21,125.9352,126.2532,126.8892,124.5571,2729868.0,00016
2021-04-22,125.8291,125.9352,126.8892,125.0871,2648542.0,00016
2021-04-23,126.1472,126.5712,126.6772,123.603,2447524.0,00016
2021-04-26,125.5111,125.7231,126.6772,125.1931,1740418.0,00016
2021-04-27,125.0871,125.1931,125.9352,124.6631,2924566.0,00016
2021-04-28,124.6631,125.8291,126.4652,124.5571,1835994.0,00016
2021-04-29,126.4652,126.2532,127.1012,125.9352,1463189.0,00016
2021-04-30,125.9351,124.3451,126.5712,124.133,3123084.0,00016
2021-05-03,124.7691,123.921,124.8751,121.3769,3983052.0,00016
2021-05-04,125.4051,124.6631,125.4051,123.709,1506030.0,00016
2021-05-05,126.0412,123.921,126.1472,123.603,1195306.0,00016
2021-05-06,125.0871,124.7691,125.2991,124.027,1478076.0,00016
2021-05-07,124.133,125.7231,125.7231,123.391,2141204.0,00016
2021-05-10,125.9352,126.9952,126.9952,125.0871,1967950.0,00016
2021-05-11,125.6171,124.9811,126.2532,124.239,2900173.0,00016
2021-05-12,124.3451,123.709,124.7691,123.285,2973889.0,00016
2021-05-13,122.437,121.3769,123.497,121.0589,4644657.0,00016
2021-05-14,121.8009,121.4829,122.861,120.3168,2619310.0,00016
2021-05-17,120.8469,121.4829,122.2249,120.7409,1937427.0,00016
2021-05-18,122.4369,124.5571,125.7231,121.9069,2712997.0,00016
2021-05-20,126.1472,126.0412,126.4652,124.5571,3422430.0,00016
2021-05-21,126.6772,126.1472,126.6772,125.0871,1966289.0,00016
2021-05-24,126.1472,124.4511,126.1472,123.179,3238550.0,00016
2021-05-25,124.027,124.7691,125.6171,123.815,2376203.0,00016
2021-05-26,125.0871,126.8892,129.2213,125.0871,5043104.0,00016
2021-05-27,126.1472,128.2673,128.5853,126.1472,7737849.0,00016
2021-05-28,128.2673,128.4793,129.1153,127.5252,3438553.0,00016
2021-05-31,128.4793,126.3592,128.7973,126.1472,1968321.0,00016
2021-06-01,126.3592,127.5252,127.5252,125.4051,3332585.0,00016
2021-06-02,128.2673,127.7372,129.1153,126.9952,2088257.0,00016
2021-06-03,127.7373,126.3592,128.1613,125.0871,2836351.0,00016
2021-06-04,125.8291,125.0871,126.0412,124.4511,6267679.0,00016
2021-06-07,125.7231,126.1472,126.3592,124.9811,3521709.0,00016
2021-06-08,126.6772,127.4192,127.9493,125.7231,3702587.0,00016
2021-06-09,128.2673,129.5393,130.7054,127.8433,5228024.0,00016
2021-06-10,130.3874,130.4934,131.4475,129.5394,5712908.0,00016
2021-06-11,131.1295,129.3274,131.7655,129.1153,4768075.0,00016
2021-06-15,131.4475,128.1613,131.4475,127.4192,2898940.0,00016
2021-06-16,127.7373,127.1012,128.5853,127.1012,3095803.0,00016
2021-06-17,127.1012,126.5712,127.9493,125.8291,2911072.0,00016
2021-06-18,125.8291,126.8892,126.8892,125.4051,5592350.0,00016
2021-06-21,125.2991,126.1472,126.4652,125.2991,2481118.0,00016
2021-06-22,126.9952,125.8291,127.6312,125.4051,4030504.0,00016
2021-06-23,125.2991,125.4051,126.1472,125.0871,3104638.0,00016
2021-06-24,125.4051,125.0871,126.5712,124.5571,2952472.0,00016
2021-06-25,125.1931,124.9811,125.9352,124.5571,3532208.0,00016
2021-06-28,124.9811,124.027,125.6171,123.921,3541123.0,00016
2021-06-29,123.603,122.649,124.4511,122.543,5584408.0,00016
2021-06-30,122.1189,122.649,123.815,122.1189,3328913.0,00016
2021-07-02,122.861,121.9069,123.497,121.4829,3732682.0,00016
2021-07-05,121.9069,122.755,123.709,121.8009,3127977.0,00016
2021-07-06,122.437,121.2709,122.967,121.1649,2842568.0,00016
2021-07-07,121.0589,121.3769,121.5889,120.5288,2278764.0,00016
2021-07-08,121.1649,120.1048,122.2249,119.8928,3251953.0,00016
2021-07-09,120.3168,120.3168,120.9529,119.4688,3813806.0,00016
2021-07-12,120.8469,121.9069,122.543,119.8928,3385717.0,00016
2021-07-13,122.967,123.285,123.815,122.0129,3191346.0,00016
2021-07-14,123.603,121.8009,123.8151,121.2709,2372213.0,00016
2021-07-15,122.861,124.2391,124.9811,122.861,2542871.0,00016
2021-07-16,124.239,123.815,125.0871,123.179,3639675.0,00016
2021-07-19,123.391,122.0129,123.391,120.9529,3404420.0,00016
2021-07-20,122.1189,120.5288,122.1189,119.7868,3604987.0,00016
2021-07-21,121.6949,121.3769,121.8009,120.7409,2495437.0,00016
2021-07-22,121.9069,122.543,123.179,121.4829,1831535.0,00016
2021-07-23,122.3309,122.3309,122.649,121.3769,2002024.0,00016
2021-07-26,122.1189,121.3769,122.543,121.0589,2899391.0,00016
2021-07-27,121.3769,119.7868,124.2391,118.5147,6249880.0,00016
2021-07-28,121.1649,119.6808,122.2249,118.8327,4869014.0,00016
2021-07-29,119.1508,119.4688,119.8928,117.9847,3929587.0,00016
2021-07-30,118.1967,117.9847,120.8468,117.8787,4649442.0,00016
2021-08-02,118.1967,119.5748,120.5289,118.1967,2052010.0,00016
2021-08-03,119.5748,118.8328,119.8928,118.3027,2083861.0,00016
2021-08-04,118.7267,118.9387,120.1048,118.7267,1963693.0,00016
2021-08-05,118.3027,117.5607,119.1508,117.3487,2705290.0,00016
2021-08-06,117.2427,118.0907,118.6207,115.9706,1971733.0,00016
2021-08-09,117.0306,117.4547,119.7868,116.9246,2129791.0,00016
2021-08-10,118.5147,116.0766,118.6207,115.7586,2934930.0,00016
2021-08-11,115.7586,117.2427,118.3027,115.7586,1837500.0,00016
2021-08-12,117.7727,117.6667,118.3027,117.3487,1372230.0,00016
2021-08-13,116.6066,116.3946,116.9246,115.4406,2485758.0,00016
2021-08-16,115.6526,117.3487,118.0907,115.6526,2056999.0,00016
2021-08-17,118.1967,116.8186,118.6207,116.5006,1834814.0,00016
2021-08-18,116.8186,118.9387,119.5748,116.2886,2785741.0,00016
2021-08-19,118.3027,118.0907,118.5147,116.9246,1643318.0,00016
2021-08-20,119.6808,119.7868,120.3168,118.0907,3764823.0,00016
2021-08-23,121.2709,119.8928,121.3769,118.6207,1933672.0,00016
2021-08-24,119.8928,119.2568,120.6349,118.8328,1763238.0,00016
2021-08-25,117.8787,117.3487,119.0448,117.1366,2030655.0,00016
2021-08-26,117.3487,117.2427,118.4087,116.6066,1838718.0,00016
2021-08-27,116.9246,116.9246,117.5607,116.6066,1858370.0,00016
2021-08-30,116.3946,117.2427,118.1967,116.2886,1606662.0,00016
2021-08-31,116.6066,116.1826,118.0907,116.1826,3375020.0,00016
2021-09-01,116.1826,116.3946,117.1367,115.5466,2451919.0,00016
2021-09-02,117.6667,115.8646,117.6667,115.8646,1945102.0,00016
2021-09-03,115.7586,114.8045,116.5006,114.8045,5022417.0,00016
2021-09-06,114.8045,115.3345,115.7586,114.5925,2013387.0,00016
2021-09-07,114.8045,115.1225,116.2886,114.8045,1872753.0,00016
2021-09-08,114.4865,115.3345,115.8646,114.4865,2689395.0,00016
2021-09-09,115.5466,116.1826,116.9246,115.0165,2976505.0,00016
2021-09-10,115.6526,117.5607,118.5147,115.6526,3969032.0,00016
2021-09-13,116.6066,116.5006,116.7126,115.6525,3353122.0,00016
2021-09-14,116.5006,114.3805,116.6066,114.0625,2738314.0,00016
2021-09-15,114.3805,113.2144,114.3805,112.0484,4970865.0,00016
2021-09-16,111.3063,111.5184,112.8964,110.8823,5429562.0,00016
2021-09-17,111.3063,111.7304,111.8364,110.2463,7570134.0,00016
2021-09-20,108.0201,100.1757,108.0201,100.1757,31184594.0,00016
2021-09-21,101.8188,101.8718,103.8859,100.1757,13687403.0,00016
2021-09-23,100.7587,104.681,105.158,100.7587,9808923.0,00016
2021-09-24,103.5679,101.4478,103.7799,101.2358,9492687.0,00016
2021-09-27,101.4478,100.4407,102.4548,100.2817,7042117.0,00016
2021-09-28,99.7517,100.7057,101.5538,99.6457,6086083.0,00016
2021-09-29,99.6987,104.3099,104.628,99.6457,6730884.0,00016
2021-09-30,103.8859,103.2499,104.0979,102.2958,4844209.0,00016
2021-10-04,102.1898,103.1969,103.3029,101.5538,3377431.0,00016
2021-10-05,101.8188,103.8859,104.3629,101.2358,4324711.0,00016
2021-10-06,104.3629,105.582,107.0661,103.5679,8464723.0,00016
2021-10-07,107.3841,108.1261,110.9883,107.3841,10806951.0,00016
2021-10-08,108.1261,107.8081,108.5502,106.324,4492613.0,00016
2021-10-11,107.8081,107.1721,108.8682,105.688,4366423.0,00016
2021-10-12,106.9601,106.9601,107.4901,105.476,2017143.0,00016
2021-10-15,107.0661,108.1261,108.1261,106.218,4963619.0,00016
2021-10-18,108.1261,108.0201,108.8682,107.1721,4501020.0,00016
2021-10-19,109.1862,108.1261,109.8222,107.7021,1835248.0,00016
2021-10-20,108.1261,108.1261,108.6562,107.5961,2002110.0,00016
2021-10-21,108.1261,109.2922,109.2922,107.8081,4481527.0,00016
2021-10-22,109.2922,109.6102,110.8823,109.1862,5199931.0,00016
2021-10-25,109.6102,108.9742,110.2463,108.4442,2902914.0,00016
2021-10-26,108.3381,108.3381,109.1862,108.1261,1953899.0,00016
2021-10-27,107.8081,108.2321,108.7622,107.5961,2401405.0,00016
2021-10-28,108.2322,108.6562,109.1862,107.9141,3430404.0,00016
2021-10-29,109.1862,109.7162,109.7162,108.4442,3915258.0,00016
2021-11-01,109.7162,108.5502,109.7162,107.8081,3525966.0,00016
2021-11-02,108.7622,108.3381,109.5042,108.0201,2729786.0,00016
2021-11-03,108.1261,108.3381,109.7162,108.0201,2620000.0,00016
2021-11-04,108.7622,109.0802,109.1862,108.0201,3250533.0,00016
2021-11-05,109.0802,109.5042,109.6102,108.0201,3636107.0,00016
2021-11-08,109.6142,109.2843,110.9335,108.8995,3428800.0,00016
2021-11-09,110.0539,108.6796,110.0539,108.2948,2451621.0,00016
2021-11-10,109.3943,109.7241,109.7241,107.965,3320320.0,00016
2021-11-11,109.944,110.8236,111.2633,109.6691,4590017.0,00016
2021-11-12,110.9335,110.1639,111.7031,109.2294,4628701.0,00016
2021-11-15,110.1639,110.7136,110.9335,109.1194,1951512.0,00016
2021-11-16,110.7136,111.0434,111.813,110.2738,2851179.0,00016
2021-11-17,111.0434,110.3838,111.1534,110.1639,1906592.0,00016
2021-11-18,109.944,109.7791,110.1639,109.1744,2071455.0,00016
2021-11-19,109.6142,110.4937,110.6037,108.8446,2151184.0,00016
2021-11-22,110.4937,110.4937,110.8236,109.4493,1877943.0,00016
2021-11-23,108.9545,109.6142,110.1639,108.2948,3106470.0,00016
2021-11-24,109.6142,109.889,109.944,109.0095,2560355.0,00016
2021-11-25,109.889,108.9545,109.889,108.6247,3551163.0,00016
2021-11-26,108.6247,106.3158,108.6247,104.007,7656712.0,00016
2021-11-29,105.7112,106.3708,106.5357,104.9965,3833167.0,00016
2021-11-30,105.7111,104.2269,106.2609,103.4573,11532811.0,00016
2021-12-01,103.9521,103.8421,104.8866,103.5123,4674934.0,00016
2021-12-02,103.7322,104.062,104.3369,102.4678,4882203.0,00016
2021-12-03,104.6117,105.2714,106.2059,103.4573,4881659.0,00016
2021-12-06,103.4573,104.8866,105.8211,103.4573,2934174.0,00016
2021-12-07,105.931,104.9965,105.986,104.3369,4367646.0,00016
2021-12-08,105.6562,105.3264,105.8211,104.5567,3544254.0,00016
2021-12-09,105.7661,106.4258,107.0305,105.7661,4028986.0,00016
2021-12-10,104.6667,106.2059,106.2609,104.6667,3772286.0,00016
2021-12-13,106.3158,104.9415,106.6457,104.9415,3881637.0,00016
2021-12-14,104.6667,104.007,104.7216,103.5123,2671733.0,00016
2021-12-15,103.8971,103.2374,103.8971,103.0175,3143133.0,00016
2021-12-16,102.7976,102.9626,103.6222,101.5333,4871287.0,00016
2021-12-17,103.7322,102.9076,103.8421,102.7976,4625150.0,00016
2021-12-20,102.8526,101.8081,103.1824,101.8081,4254235.0,00016
2021-12-21,101.7532,102.3578,103.0725,101.7532,2484276.0,00016
2021-12-22,102.3578,102.2479,102.5777,101.8631,1885861.0,00016
2021-12-23,103.0175,102.7976,103.5672,102.3579,1850518.0,00016
2021-12-24,102.7976,102.7976,103.4023,102.4678,781585.0,00016
2021-12-28,103.2924,104.2269,104.6117,102.8526,2733482.0,00016
2021-12-29,104.6667,104.4468,105.2164,104.117,1520178.0,00016
2021-12-30,104.4468,104.6667,104.9965,104.2819,1198729.0,00016
2021-12-31,105.2164,104.007,105.7661,103.6772,1641470.0,00016
2022-01-03,104.007,103.952,104.8316,103.4573,1301082.0,00016
2022-01-04,104.6667,104.117,105.2164,103.6222,1925296.0,00016
2022-01-05,104.9965,104.007,105.1064,103.6772,2806743.0,00016
2022-01-06,103.7322,103.0175,104.117,102.5777,2604005.0,00016
2022-01-07,102.7976,103.4573,103.5672,101.7532,2804386.0,00016
2022-01-10,103.4573,104.4468,104.4468,103.4023,1892382.0,00016
2022-01-11,104.2269,104.5567,105.3813,103.5672,3682823.0,00016
2022-01-12,104.5567,104.1719,104.6117,103.7322,3911243.0,00016
2022-01-13,104.2819,103.7871,104.9965,103.6222,2843247.0,00016
2022-01-14,103.7871,103.7871,104.2819,103.5123,3815594.0,00016
2022-01-17,103.7871,103.7871,104.1719,103.3474,2526959.0,00016
2022-01-18,103.8971,103.952,104.2819,103.0175,3202387.0,00016
2022-01-19,103.8971,104.117,104.1719,103.3474,3486129.0,00016
2022-01-20,104.3918,104.5018,104.6117,103.5672,5089681.0,00016
2022-01-21,104.7766,107.1954,108.2948,104.5018,11761585.0,00016
2022-01-24,105.8761,106.7006,107.1954,105.6562,4168618.0,00016
2022-01-25,105.3813,104.8866,105.7661,104.3918,5532706.0,00016
2022-01-26,105.986,104.8866,105.986,104.5018,3977068.0,00016
2022-01-27,104.2269,104.8866,104.8866,103.8971,3092886.0,00016
2022-01-28,105.1065,104.3918,105.1065,104.007,5845104.0,00016
2022-01-31,104.007,104.007,104.007,104.007,0.0,00016
2022-02-04,104.1719,106.3158,106.8106,103.5123,7639725.0,00016
2022-02-07,106.3158,106.5907,106.6457,105.4913,3902689.0,00016
2022-02-08,105.986,106.6457,107.0305,105.8761,3534770.0,00016
2022-02-09,107.3053,107.965,108.1849,106.7556,3817810.0,00016
2022-02-10,108.2948,108.4048,108.6247,107.8001,3174694.0,00016
2022-02-11,107.5252,108.4048,108.6247,107.5252,4446976.0,00016
2022-02-14,107.7451,107.2504,107.91,106.3158,2252818.0,00016
2022-02-15,107.3603,108.2948,108.6247,107.0854,4661170.0,00016
2022-02-16,108.6247,108.8446,109.4493,108.3498,4183852.0,00016
2022-02-17,108.4598,109.0644,109.3943,107.8001,2589233.0,00016
2022-02-18,107.8551,108.4048,108.6247,107.3603,2689617.0,00016
2022-02-21,107.965,107.4702,107.965,106.5357,2262896.0,00016
2022-02-22,106.096,105.1614,106.3708,104.6667,3771410.0,00016
2022-02-23,105.1064,104.7766,105.7111,103.4573,5681966.0,00016
2022-02-24,103.8971,103.2924,104.3369,102.5228,7008684.0,00016
2022-02-25,102.6327,101.8631,102.9625,101.3134,10327955.0,00016
2022-02-28,101.9181,99.9391,101.9731,99.2794,9224024.0,00016
2022-03-01,100.049,99.3894,100.4888,98.7297,4824797.0,00016
2022-03-02,98.4548,98.8396,99.5543,98.3449,4269082.0,00016
2022-03-03,99.0595,100.159,101.0935,99.0046,4631535.0,00016
2022-03-04,98.9496,99.3344,99.4443,98.5098,4954631.0,00016
2022-03-07,99.3344,98.3449,99.3344,97.4104,7253583.0,00016
2022-03-08,99.6093,100.159,100.9836,99.0595,5727512.0,00016
2022-03-09,100.159,99.3787,100.2704,97.9852,7591795.0,00016
2022-03-10,99.8803,100.9393,101.4409,99.4344,4193623.0,00016
2022-03-11,100.9393,101.9426,102.4442,99.8803,5684267.0,00016
2022-03-14,101.7753,101.1622,102.8901,100.2147,6779935.0,00016
2022-03-15,100.8836,97.8738,100.8836,97.4279,13268883.0,00016
2022-03-16,99.4901,98.0967,99.5459,97.1492,7764711.0,00016
2022-03-17,100.159,103.7818,104.0048,100.1032,10794088.0,00016
2022-03-18,102.8901,105.7884,106.1785,102.7786,13710819.0,00016
2022-03-21,106.7917,104.6737,106.7917,104.3392,5371373.0,00016
2022-03-22,105.3425,106.1786,106.3458,104.4507,4540708.0,00016
2022-03-23,106.1228,106.4015,107.2933,105.7884,5408065.0,00016
2022-03-24,105.231,105.8999,106.1785,104.8966,3725513.0,00016
2022-03-25,105.8999,106.7359,108.3523,105.7327,5486572.0,00016
2022-03-28,106.7917,106.6244,107.1818,105.2868,2926376.0,00016
2022-03-29,106.6244,105.6212,106.9588,104.9523,3160457.0,00016
2022-03-30,105.9556,106.1786,106.9589,105.3425,4482999.0,00016
2022-03-31,105.5097,104.3392,106.1786,104.3392,3567480.0,00016
2022-04-01,104.3392,105.3425,105.5097,104.3392,2208401.0,00016
2022-04-04,106.1785,104.8409,106.29,104.6179,3103861.0,00016
2022-04-06,103.6704,105.9556,106.2343,103.6704,3912550.0,00016
2022-04-07,105.0638,104.7851,105.5097,104.1163,3599200.0,00016
2022-04-08,104.7851,105.1753,105.5654,104.0048,2039551.0,00016
2022-04-11,105.1753,104.6179,105.3982,103.8376,2544725.0,00016
2022-04-12,104.1163,104.172,104.5064,103.5589,1904378.0,00016
2022-04-13,104.172,104.0048,104.5064,103.336,1893848.0,00016
2022-04-14,104.0048,105.8999,106.1228,104.0048,4089549.0,00016
2022-04-19,105.9556,106.2343,106.4015,104.6736,3323258.0,00016
2022-04-20,105.8441,105.231,106.3457,105.1195,2760587.0,00016
2022-04-21,105.6769,105.454,106.1228,104.8409,3018647.0,00016
2022-04-22,105.3982,105.0638,105.454,104.3392,2404987.0,00016
2022-04-25,104.7851,104.1163,104.7851,103.6704,3065579.0,00016
2022-04-26,103.7819,104.1163,104.6737,103.0016,3502723.0,00016
2022-04-27,103.7819,102.277,103.7819,101.7196,3794695.0,00016
2022-04-28,101.9983,102.3884,102.4442,101.6639,3280293.0,00016
2022-04-29,101.9983,101.3852,102.4442,101.3295,5061306.0,00016
2022-05-03,101.4409,101.9426,101.9983,100.5491,6473240.0,00016
2022-05-04,101.9425,104.2278,104.2278,101.9425,3725874.0,00016
2022-05-05,104.5064,104.8966,106.29,104.5064,2916460.0,00016
2022-05-06,104.8409,103.4474,104.8966,103.336,4786151.0,00016
2022-05-10,98.9885,100.6049,101.1622,98.2082,11467420.0,00016
2022-05-11,100.995,101.1065,101.218,99.8803,3371532.0,00016
2022-05-12,101.218,100.8835,101.4409,100.7163,3566099.0,00016
2022-05-13,102.4999,104.7851,105.454,101.6081,8888963.0,00016
2022-05-16,105.8999,105.1195,105.8999,103.7819,3571009.0,00016
2022-05-17,105.7884,106.1228,106.1228,104.6179,4561884.0,00016
2022-05-18,105.8441,106.1228,106.5687,105.0081,4451494.0,00016
2022-05-19,105.5654,105.231,106.0113,104.7851,4225100.0,00016
2022-05-20,105.8441,106.0113,106.2343,105.0638,3306522.0,00016
2022-05-23,106.0671,105.8441,106.6802,105.0638,2773945.0,00016
2022-05-24,106.4572,105.6769,106.4572,105.231,3357099.0,00016
2022-05-25,106.1785,106.3458,106.9589,105.9556,3323276.0,00016
2022-05-26,107.0146,106.4572,107.0146,105.2868,2761832.0,00016
2022-05-27,107.572,108.0179,108.631,106.8474,5014082.0,00016
2022-05-30,108.8539,108.2965,108.8539,107.8507,3506115.0,00016
2022-05-31,108.2965,106.9031,108.5752,106.7917,15846567.0,00016
2022-06-01,107.1818,108.408,108.5752,106.4572,6343384.0,00016
2022-06-02,108.6867,107.1261,109.0211,106.29,4597807.0,00016
2022-06-06,107.1261,107.6834,107.9621,105.454,3142805.0,00016
2022-06-07,107.572,107.2933,107.6277,106.5687,3137739.0,00016
2022-06-08,107.9064,106.513,107.9064,105.9556,3719171.0,00016
2022-06-09,106.513,107.349,107.5162,105.5097,3312832.0,00016
2022-06-10,106.7359,107.0146,107.2933,105.8999,3349085.0,00016
2022-06-13,105.2867,105.231,105.8999,104.1163,3270789.0,00016
2022-06-14,104.2278,104.0048,104.5622,103.3917,2534669.0,00016
2022-06-15,102.5556,102.4442,103.336,102.3884,5144072.0,00016
2022-06-16,102.5557,101.218,102.5557,100.8835,5001561.0,00016
2022-06-17,100.8278,101.1065,102.2212,100.6049,5131894.0,00016
2022-06-20,100.7721,101.9983,102.5557,100.6606,2964627.0,00016
2022-06-21,101.9983,103.7818,104.2277,101.9983,2786595.0,00016
2022-06-22,103.8376,102.6114,104.7851,102.3885,3397059.0,00016
2022-06-23,103.5032,102.7786,103.7819,102.2212,3316954.0,00016
2022-06-24,102.6671,102.5557,103.2802,102.2212,2850179.0,00016
2022-06-27,104.2278,103.5589,104.6179,102.8901,5455869.0,00016
2022-06-28,103.6704,104.6737,105.1753,103.5589,5212868.0,00016
2022-06-29,104.0048,104.5622,105.1195,104.0048,2306202.0,00016
2022-06-30,103.4474,103.336,104.6737,102.8901,3440586.0,00016
2022-07-04,102.2212,103.4474,103.5032,101.0508,2535046.0,00016
2022-07-05,104.2278,104.3392,104.6737,103.6704,1745763.0,00016
2022-07-06,104.3392,104.7294,104.7294,103.6704,2986027.0,00016
2022-07-07,104.6736,104.0605,104.7851,103.6704,2783064.0,00016
2022-07-08,104.395,104.6737,104.6737,104.0606,2175212.0,00016
2022-07-11,104.6737,103.5589,104.7851,102.6114,3009303.0,00016
2022-07-12,103.5589,103.5589,103.9491,102.8901,1428960.0,00016
2022-07-13,103.6704,103.7818,103.9491,102.7229,2403291.0,00016
2022-07-14,104.2277,102.4999,104.2277,101.4409,2647718.0,00016
2022-07-15,102.4442,102.1098,102.5556,101.3852,2523852.0,00016
2022-07-18,102.3884,103.2802,103.6146,101.9425,2228297.0,00016
2022-07-19,102.5556,102.4999,103.2802,101.5524,2455332.0,00016
2022-07-20,103.113,102.6671,103.2245,102.3327,2015675.0,00016
2022-07-21,102.4442,101.6081,102.5556,101.218,3763904.0,00016
2022-07-22,102.1655,101.4409,102.1655,100.9393,2155612.0,00016
2022-07-25,100.6606,101.9983,101.9983,100.6606,2295578.0,00016
2022-07-26,101.9983,103.2802,103.2802,101.8868,2377205.0,00016
2022-07-27,103.0573,103.5032,103.6146,101.8868,2045527.0,00016
2022-07-28,103.4475,103.7261,103.7261,102.5557,2668249.0,00016
2022-07-29,103.5032,104.5064,104.6179,103.336,4711859.0,00016
2022-08-01,104.6179,103.2802,104.6179,102.1098,2311099.0,00016
2022-08-02,102.9458,101.5524,102.9458,100.8836,3256325.0,00016
2022-08-03,101.5524,101.3852,101.9983,100.7163,2180924.0,00016
2022-08-04,101.3852,102.3884,102.4999,101.3852,2048297.0,00016
2022-08-05,102.6671,104.0605,104.2277,102.054,2689661.0,00016
2022-08-08,103.0015,104.4507,104.5622,102.8901,1712305.0,00016
2022-08-09,104.4507,106.6802,109.1884,103.336,13050021.0,00016
2022-08-10,106.6802,104.8409,106.6802,104.3392,4204563.0,00016
2022-08-11,106.7359,106.8474,107.0146,105.5654,2767283.0,00016
2022-08-12,107.0146,106.7359,107.2375,106.1786,1665391.0,00016
2022-08-15,106.7359,106.29,107.0703,105.9556,1266155.0,00016
2022-08-16,106.5687,106.7359,107.8507,106.4015,1743692.0,00016
2022-08-17,108.0736,107.572,108.0736,107.0146,2202884.0,00016
2022-08-18,107.7392,106.8474,107.7949,106.5687,2174564.0,00016
2022-08-19,106.8474,106.9588,107.2375,106.0113,1850181.0,00016
2022-08-22,106.9589,106.7359,107.572,106.4015,1543597.0,00016
2022-08-23,106.7359,105.6212,106.7359,104.9523,2362650.0,00016
2022-08-24,105.6212,104.0048,105.6212,103.2802,2319853.0,00016
2022-08-25,104.0048,104.1163,104.1163,102.6671,1384355.0,00016
2022-08-26,104.2278,104.8409,105.231,104.0606,1974117.0,00016
2022-08-29,103.7261,104.2278,104.3392,102.8901,1804741.0,00016
2022-08-30,104.5064,104.0048,105.1753,103.3917,1752928.0,00016
2022-08-31,103.336,102.8901,104.0605,102.6671,3779693.0,00016
2022-09-01,102.6671,103.113,103.1688,101.8868,2158094.0,00016
2022-09-02,103.113,103.4474,103.8933,102.2212,2391247.0,00016
2022-09-05,102.5557,103.5589,103.5589,102.277,1747060.0,00016
2022-09-06,103.0016,104.0048,104.2835,102.6671,1922175.0,00016
2022-09-07,104.0048,104.3392,104.5622,103.113,2259834.0,00016
2022-09-08,105.0638,104.8409,105.6212,104.3392,2409393.0,00016
2022-09-09,105.0638,106.4572,107.2375,105.0638,3736474.0,00016
2022-09-13,107.5162,107.6277,108.0178,105.6769,3473447.0,00016
2022-09-14,106.9588,105.9556,106.9588,105.1753,2582513.0,00016
2022-09-15,105.231,105.9556,106.7359,105.1753,2037368.0,00016
2022-09-16,104.5622,106.3458,106.4572,104.3392,5537182.0,00016
2022-09-19,106.0671,106.2343,106.6244,105.454,2313018.0,00016
2022-09-20,106.2343,107.1261,107.572,105.8999,3188251.0,00016
2022-09-21,106.3458,105.5654,106.9589,105.5097,3025946.0,00016
2022-09-22,105.454,104.395,105.454,103.6146,3279349.0,00016
2022-09-23,104.6179,103.7261,104.6179,103.113,3373002.0,00016
2022-09-26,103.7261,102.2212,103.7261,101.7196,4659280.0,00016
2022-09-27,102.2212,101.4967,102.6671,100.4934,5577472.0,00016
2022-09-28,101.4967,99.1,101.8868,98.8213,6107002.0,00016
2022-09-29,98.7098,96.8148,99.8246,96.2017,5998211.0,00016
2022-09-30,96.8148,96.8148,96.9262,95.5328,6075143.0,00016
2022-10-03,94.6968,96.8705,97.0377,94.6968,2549394.0,00016
2022-10-05,99.4344,100.6606,100.995,97.6508,6276285.0,00016
2022-10-06,100.6606,101.3295,101.6639,100.3819,3125171.0,00016
2022-10-07,100.2147,101.218,101.3852,99.4344,2430972.0,00016
2022-10-10,99.6574,99.8246,100.0475,99.3229,2712775.0,00016
2022-10-11,100.7164,99.8246,101.1065,99.3229,2241244.0,00016
2022-10-12,99.8246,98.3754,99.9918,98.1525,3143007.0,00016
2022-10-13,98.041,100.995,101.1065,97.5393,6008878.0,00016
2022-10-14,101.9983,101.7196,104.7851,100.9393,6494141.0,00016
2022-10-17,100.7163,102.2212,102.6114,100.6049,3462967.0,00016
2022-10-18,102.7786,103.4474,103.4474,101.4409,3283195.0,00016
2022-10-19,102.3327,99.7688,105.0081,99.4901,6323706.0,00016
2022-10-20,99.6016,101.3852,101.3852,98.4311,4009381.0,00016
2022-10-21,101.9425,100.8835,101.9425,99.3229,2844137.0,00016
2022-10-24,100.5491,98.877,100.5491,97.7066,5517929.0,00016
2022-10-25,97.7623,95.8115,98.041,94.9197,9595996.0,00016
2022-10-26,96.1459,95.7558,97.7623,95.3656,4217601.0,00016
2022-10-27,97.1492,96.3131,97.2607,96.2574,2987899.0,00016
2022-10-28,96.9262,95.1427,97.4279,94.4181,5171924.0,00016
2022-10-31,94.641,94.1394,95.4213,92.6345,6040625.0,00016
2022-11-01,94.1951,95.7558,96.2574,94.1394,3990017.0,00016
2022-11-02,95.7558,97.3721,97.7623,94.7525,4642026.0,00016
2022-11-03,97.3721,96.3689,97.3721,95.8115,4219996.0,00016
2022-11-04,96.2017,98.3754,99.9918,96.2017,5462109.0,00016
2022-11-07,94.2509,93.8607,94.9754,93.6378,4780810.0,00016
2022-11-08,94.3624,94.9755,96.982,94.3066,5367673.0,00016
2022-11-09,96.0902,94.5853,96.759,94.4181,3220932.0,00016
2022-11-10,94.8083,95.7,96.0902,93.9722,2921431.0,00016
2022-11-11,99.1,99.6574,101.8868,98.9885,7277764.0,00016
2022-11-14,101.8868,102.4442,103.113,100.1032,7884163.0,00016
2022-11-15,105.3982,103.2802,105.3982,102.4999,4722202.0,00016
2022-11-16,102.6671,103.3917,104.7294,102.4999,4223615.0,00016
2022-11-17,107.6876,106.7587,108.8486,106.6426,2894821.0,00016
2022-11-18,106.4104,105.946,106.7007,105.2494,2796374.0,00016
2022-11-21,104.7269,105.7719,106.8168,104.2625,2361078.0,00016
2022-11-22,106.4104,106.0041,107.3393,105.5397,2799175.0,00016
2022-11-23,106.7007,105.5977,106.7007,104.843,1559885.0,00016
2022-11-24,106.991,106.6427,106.991,105.888,1919618.0,00016
2022-11-25,106.2363,107.049,107.049,105.888,1674909.0,00016
2022-11-28,105.3074,105.7138,106.3524,103.2175,3161607.0,00016
2022-11-29,106.991,107.6295,107.9779,106.7588,3371296.0,00016
2022-11-30,108.094,108.7906,109.3711,107.6295,6128529.0,00016
2022-12-01,110.1258,108.6745,110.4161,107.6876,4399865.0,00016
2022-12-02,109.4872,108.7906,109.4872,108.094,4796332.0,00016
2022-12-05,109.9516,108.5584,110.0097,108.3262,2508442.0,00016
2022-12-06,107.4554,110.7063,110.8805,107.4554,3489606.0,00016
2022-12-07,111.2288,112.9704,113.7831,110.8224,8741300.0,00016
2022-12-08,113.7831,114.0734,115.873,112.0415,7165700.0,00016
2022-12-09,114.2475,119.0079,119.0079,114.0153,8211250.0,00016
2022-12-12,117.9629,117.1502,118.8918,116.5697,3138682.0,00016
2022-12-13,118.3112,123.4199,124.1165,116.6858,8759921.0,00016
2022-12-14,124.8131,121.5622,124.9292,120.1689,5293029.0,00016
2022-12-15,122.9554,120.9816,123.7682,119.9367,3574826.0,00016
2022-12-16,120.5172,122.0266,122.3749,120.0528,4666784.0,00016
2022-12-19,120.5172,122.0266,122.8393,120.5172,1892015.0,00016
2022-12-20,120.9816,120.4011,120.9816,119.124,2949285.0,00016
2022-12-21,121.0977,120.1689,121.4461,118.5434,2359302.0,00016
2022-12-22,120.9817,122.491,122.6071,120.6334,3278160.0,00016
2022-12-23,122.0266,122.9554,123.0715,120.6333,1966118.0,00016
2022-12-28,124.4648,122.1427,126.2064,121.6783,4177201.0,00016
2022-12-29,122.1427,121.6783,122.1427,120.7494,2297211.0,00016
2022-12-30,121.9105,124.0004,124.2326,121.5622,2317194.0,00016
2023-01-03,123.4199,126.7869,127.7157,121.6783,5440575.0,00016
2023-01-04,126.5547,125.9742,127.1352,124.9292,3483143.0,00016
2023-01-05,127.2513,128.5285,128.9929,125.8581,4286484.0,00016
2023-01-06,128.7607,126.7869,128.7607,125.9742,3905405.0,00016
2023-01-09,127.7157,126.7869,129.109,126.0903,3959865.0,00016
2023-01-10,127.1352,126.0903,127.5996,125.3936,5624691.0,00016
2023-01-11,125.2775,123.536,126.3225,123.4199,5005057.0,00016
2023-01-12,123.8843,126.0903,126.3225,123.8843,4006924.0,00016
2023-01-13,126.903,124.8131,127.0191,124.0004,2507166.0,00016
2023-01-16,125.3936,126.0903,127.3674,125.0453,2454637.0,00016
2023-01-17,125.6259,126.7869,127.7157,125.6259,2989401.0,00016
2023-01-18,127.2513,127.4835,127.7158,126.2064,1785263.0,00016
2023-01-19,127.2513,128.0641,128.0641,127.1352,2298097.0,00016
2023-01-20,128.2963,129.5734,129.5734,127.7158,2492051.0,00016
2023-01-26,129.5734,131.0828,131.5472,128.7607,3813025.0,00016
2023-01-27,131.5472,131.5472,132.4761,130.9667,3678860.0,00016
2023-01-30,132.4761,133.2888,134.566,132.4761,4451992.0,00016
2023-01-31,133.2888,128.9929,133.521,128.2963,5007132.0,00016
2023-02-01,129.8057,129.2251,130.2701,128.2963,3067928.0,00016
2023-02-02,131.4311,128.8768,131.6633,128.0641,2731201.0,00016
2023-02-03,128.9929,131.315,131.315,128.8768,4200839.0,00016
2023-02-06,131.0828,130.2701,131.0828,128.0641,2672127.0,00016
2023-02-07,130.2701,128.2963,130.5023,127.5997,2877239.0,00016
2023-02-08,128.5285,130.3862,130.6184,128.5285,2927696.0,00016
2023-02-09,129.4573,130.0379,130.154,128.4124,1535021.0,00016
2023-02-10,129.2251,130.0379,131.4311,129.2251,1451890.0,00016
2023-02-13,127.5996,126.6708,127.948,125.742,4394763.0,00016
2023-02-14,127.7158,129.6895,129.8057,127.0191,2496152.0,00016
2023-02-15,129.6895,127.3674,129.6895,126.7869,3166860.0,00016
2023-02-16,128.5285,128.9929,129.5734,127.2513,2326396.0,00016
2023-02-17,128.7607,128.7607,129.109,127.8319,2195133.0,00016
2023-02-20,128.7607,129.2251,130.6184,128.2963,2221227.0,00016
2023-02-21,128.7607,128.8768,131.6633,128.6446,2310727.0,00016
2023-02-22,129.9218,129.9218,133.2888,129.3412,3915955.0,00016
2023-02-23,129.9218,128.5285,129.9218,127.2513,2274480.0,00016
2023-02-24,128.5285,125.8581,128.5285,124.0004,4229216.0,00016
2023-02-27,125.2775,125.5098,125.9742,124.5809,3255366.0,00016
2023-02-28,125.6259,124.4648,126.7869,123.7682,4000668.0,00016
2023-03-01,124.4648,126.3225,126.903,124.2326,2852243.0,00016
2023-03-02,125.1614,124.9292,126.7869,124.1165,2633735.0,00016
2023-03-03,125.5097,124.4648,125.8581,123.8843,2716860.0,00016
2023-03-06,124.4648,126.5547,127.3674,124.0004,2458572.0,00016
2023-03-07,126.5547,127.7158,128.1802,125.8581,3160509.0,00016
2023-03-08,126.6001,125.1908,126.6001,124.4862,2864153.0,00016
2023-03-09,124.9559,123.3118,124.9559,122.3722,3229140.0,00016
2023-03-10,122.2548,119.906,122.3722,119.4362,4612176.0,00016
2023-03-13,119.7886,122.6071,122.842,119.2014,2796621.0,00016
2023-03-14,121.5502,124.4862,125.0734,121.5502,4321306.0,00016
2023-03-15,124.8385,122.9594,125.8954,122.2548,3725352.0,00016
2023-03-16,121.9025,122.0199,122.3722,120.7281,2370581.0,00016
2023-03-17,122.7246,124.3687,125.0734,122.1374,6498259.0,00016
2023-03-20,123.6641,122.7246,125.0734,121.9025,2654414.0,00016
2023-03-21,122.6071,123.7815,124.4862,122.6071,2385342.0,00016
2023-03-22,123.7815,124.721,126.0129,123.7815,2749002.0,00016
2023-03-23,126.835,125.3082,127.4222,124.721,3746515.0,00016
2023-03-24,124.2513,125.8954,127.1873,124.2513,2113471.0,00016
2023-03-27,126.1303,126.9524,128.714,125.5431,2670238.0,00016
2023-03-28,127.657,127.8919,128.3617,126.6001,2203304.0,00016
2023-03-29,128.714,128.5966,130.1233,126.7175,2566696.0,00016
2023-03-30,128.5965,129.8884,129.8884,128.2442,4338257.0,00016
2023-03-31,131.1802,129.1837,131.1802,127.7745,4433935.0,00016
2023-04-03,128.9489,127.4221,128.9489,126.9524,2057450.0,00016
2023-04-04,129.5361,128.1268,129.6535,127.4222,3633501.0,00016
2023-04-06,128.3617,128.8314,129.6535,128.0093,1956520.0,00016
2023-04-11,130.8279,129.5361,131.2977,128.4791,2869933.0,00016
2023-04-12,130.3581,129.7709,130.9453,128.9489,2091459.0,00016
2023-04-13,129.1837,129.4186,129.7709,127.1873,1992368.0,00016
2023-04-14,130.3581,129.7709,130.593,129.3012,1998525.0,00016
2023-04-17,129.7709,128.3617,129.7709,126.0129,3760004.0,00016
2023-04-18,128.3617,128.3617,128.3617,127.0698,2186974.0,00016
2023-04-19,128.3617,124.721,128.3617,123.6641,3695074.0,00016
2023-04-20,125.6606,126.1303,126.9524,124.2513,2891893.0,00016
2023-04-21,126.1303,126.2478,127.8919,126.0129,1708332.0,00016
2023-04-24,126.1303,126.3652,126.3652,124.9559,1212428.0,00016
2023-04-25,127.0698,124.9559,127.5396,124.2513,2223150.0,00016
2023-04-26,124.721,126.0129,126.3652,124.4861,2425378.0,00016
2023-04-27,127.1873,127.1873,129.5361,125.6606,4599352.0,00016
2023-04-28,126.8349,128.0093,128.9489,126.8349,2101480.0,00016
2023-05-02,127.7745,125.4257,129.0663,124.9559,2474364.0,00016
2023-05-03,123.899,125.4257,125.4257,123.899,1594045.0,00016
2023-05-04,125.4257,127.8919,128.5965,124.8385,2722060.0,00016
2023-05-05,129.4186,129.8884,129.8884,128.2442,2157040.0,00016
2023-05-08,129.8884,129.0663,130.4756,128.714,1680462.0,00016
2023-05-09,128.0094,126.4826,129.0663,125.4257,2954777.0,00016
2023-05-10,125.3082,124.2513,126.3652,123.7815,2766412.0,00016
2023-05-11,124.4862,123.3118,124.6036,122.6071,3273762.0,00016
2023-05-12,123.3118,121.1979,123.3118,120.7281,2976296.0,00016
2023-05-15,120.963,123.4292,124.0164,120.3758,2395618.0,00016
2023-05-16,124.0164,124.1338,125.3082,123.7815,2237013.0,00016
2023-05-17,124.2513,121.9025,125.3082,121.785,3419123.0,00016
2023-05-18,122.2548,120.963,123.1943,120.3758,1672866.0,00016
2023-05-19,120.6106,121.5502,121.9025,120.1409,1895848.0,00016
2023-05-22,120.963,122.3722,122.7246,120.6106,1769913.0,00016
2023-05-23,122.3722,121.3153,122.842,120.8455,1956349.0,00016
2023-05-24,120.6106,121.3153,121.4327,120.3758,1501701.0,00016
2023-05-25,120.2583,119.5537,120.3758,117.7921,3015126.0,00016
2023-05-29,119.3188,119.2014,121.4327,118.7316,2083549.0,00016
2023-05-30,119.2014,119.7886,120.3758,117.5572,2729169.0,00016
2023-05-31,118.7316,117.0875,119.0839,116.2654,7179790.0,00016
2023-06-01,116.1479,116.0305,117.0287,114.1515,6780000.0,00016
2023-06-02,117.0874,119.5537,120.6106,116.9113,3306749.0,00016
2023-06-05,120.0235,121.1979,121.6676,119.2014,2043219.0,00016
2023-06-06,121.785,120.6106,122.1374,119.906,1540612.0,00016
2023-06-07,120.8455,120.6106,122.2548,119.6711,1677418.0,00016
2023-06-08,120.4932,120.3758,121.0804,119.0839,2586337.0,00016
2023-06-09,120.3758,120.6106,121.6676,119.4362,1632439.0,00016
2023-06-12,120.963,120.963,121.3153,119.906,763882.0,00016
2023-06-13,120.963,120.8455,121.1979,119.6711,1416454.0,00016
2023-06-14,120.6106,118.8491,120.8455,118.1444,2406655.0,00016
2023-06-15,119.0839,119.3188,120.2583,118.4967,1620239.0,00016
2023-06-16,118.7316,120.2583,121.1979,118.7316,3398541.0,00016
2023-06-19,118.849,120.4932,120.4932,118.849,1631277.0,00016
2023-06-20,119.3188,118.7316,120.963,118.1444,2276499.0,00016
2023-06-21,118.3793,117.5572,119.7886,117.3223,3074315.0,00016
2023-06-23,116.2654,114.6799,116.2654,113.9753,3545418.0,00016
2023-06-26,114.034,113.5643,114.7974,113.1532,2891273.0,00016
2023-06-27,113.5643,115.6195,115.9718,113.5055,3004409.0,00016
2023-06-28,115.0323,116.5003,116.559,114.1515,2428713.0,00016
2023-06-29,117.0287,114.6799,117.0874,114.1514,2671112.0,00016
2023-06-30,115.091,115.913,116.7351,114.7974,2850389.0,00016
2023-07-03,115.3259,116.0305,116.3241,114.9148,2186824.0,00016
2023-07-04,115.4433,116.7351,116.8526,115.4433,1356343.0,00016
2023-07-05,117.3223,116.1479,117.6747,115.6782,2663785.0,00016
2023-07-06,115.9718,113.7404,116.0892,113.6817,4501662.0,00016
2023-07-07,113.3294,111.6852,113.3294,111.3916,4262753.0,00016
2023-07-10,112.2137,109.8649,112.5073,108.2208,5651677.0,00016
2023-07-11,110.3934,112.9771,113.3881,110.2759,4150111.0,00016
2023-07-12,113.0358,113.1532,113.7404,112.2137,1685511.0,00016
2023-07-13,113.6817,114.7974,115.5607,113.5642,3878314.0,00016
2023-07-14,114.1515,114.4451,115.1497,113.5055,2089853.0,00016
2023-07-18,115.091,112.566,115.091,111.6852,3450381.0,00016
2023-07-19,112.2724,112.2724,112.5073,110.6283,2649217.0,00016
2023-07-20,113.6817,113.5643,114.2102,112.566,1574521.0,00016
2023-07-21,113.5642,114.7974,114.9735,112.9183,1754625.0,00016
2023-07-24,113.7404,112.8009,113.8579,111.6265,2077501.0,00016
2023-07-25,114.034,113.623,114.5038,112.9771,1877203.0,00016
2023-07-26,114.6212,114.4451,115.0323,113.7404,1316697.0,00016
2023-07-27,114.6799,116.3241,116.7351,114.6212,2425338.0,00016
2023-07-28,113.1532,116.5003,116.7351,113.1532,2170115.0,00016
2023-07-31,116.2654,114.5625,116.97,114.3863,3414348.0,00016
2023-08-01,115.5607,114.4451,115.5607,114.034,1580242.0,00016
2023-08-02,113.6817,112.8009,114.5038,112.155,2581821.0,00016
2023-08-03,112.8009,112.7422,113.8578,112.2137,3214621.0,00016
2023-08-04,113.0358,109.6888,113.5643,109.0428,3317691.0,00016
2023-08-07,109.6887,110.0411,111.3329,109.4539,2578085.0,00016
2023-08-08,109.3364,108.2795,109.9236,107.8097,3995295.0,00016
2023-08-09,108.2795,107.5748,108.2795,106.3417,5128394.0,00016
2023-08-10,106.4004,108.5143,109.0428,106.3417,3202489.0,00016
2023-08-11,107.8097,108.9841,109.8062,107.8097,1968051.0,00016
2023-08-14,107.8097,107.1638,108.8667,106.694,2529565.0,00016
2023-08-15,106.694,105.9307,107.1051,105.9307,1862405.0,00016
2023-08-16,105.9307,105.1673,106.1656,104.3452,3474701.0,00016
2023-08-17,103.6993,104.6388,104.6976,102.4075,3526870.0,00016
2023-08-18,103.4644,103.758,104.6976,103.4644,2090376.0,00016
2023-08-21,102.8772,102.1139,103.4644,101.7028,2274574.0,00016
2023-08-22,101.9964,102.4075,103.0534,100.9982,1912541.0,00016
2023-08-23,101.8203,103.1708,103.5819,101.7616,1883629.0,00016
2023-08-24,103.1708,104.8737,105.1673,102.9947,2267382.0,00016
2023-08-25,104.6388,104.1104,105.1673,103.8168,1265552.0,00016
2023-08-28,104.6388,103.4057,105.6371,103.1121,1452087.0,00016
2023-08-29,104.5214,104.9911,105.5783,103.8755,2722288.0,00016
2023-08-30,104.9912,105.1086,106.9289,104.3452,2877112.0,00016
2023-08-31,105.9307,103.6993,106.1068,102.7011,4845679.0,00016
2023-09-04,105.4022,106.2243,106.283,103.6993,3338722.0,00016
2023-09-05,104.9324,104.1104,105.5196,103.5819,2037512.0,00016
2023-09-06,104.404,104.6976,105.1086,103.758,2116503.0,00016
2023-09-07,104.8737,103.6993,105.3435,103.4644,1725821.0,00016
2023-09-11,92.4838,93.8931,94.7152,90.5461,26346140.0,00016
2023-09-12,92.8949,94.2454,95.7134,92.1902,7686567.0,00016
2023-09-13,94.1867,95.8309,96.007,94.1867,7219114.0,00016
2023-09-14,95.3024,94.8913,95.8308,94.1867,7109490.0,00016
2023-09-15,94.8913,96.5355,96.9465,94.4803,7130875.0,00016
2023-09-18,95.4785,94.7739,96.3006,94.6564,4751202.0,00016
2023-09-19,94.539,95.0675,96.0657,94.2454,3915349.0,00016
2023-09-20,95.3024,94.3629,95.3024,94.0105,4485532.0,00016
2023-09-21,94.2454,93.4233,94.3041,93.2472,4030157.0,00016
2023-09-22,93.3646,95.6547,95.7134,92.7774,4919781.0,00016
2023-09-25,94.8326,94.1867,95.6547,94.0106,3685162.0,00016
2023-09-26,93.9518,93.071,94.3629,92.7774,4025466.0,00016
2023-09-27,92.7774,93.2472,93.7169,92.3077,2914748.0,00016
2023-09-28,93.4821,94.5977,95.4785,93.3059,4511596.0,00016
2023-09-29,95.6547,98.4145,98.5907,95.3611,8251314.0,00016
2023-10-03,98.3558,95.4785,98.4145,94.0105,5365855.0,00016
2023-10-04,94.7739,97.4163,98.2384,94.7739,4572549.0,00016
2023-10-05,97.475,98.1796,98.943,97.4163,4139918.0,00016
2023-10-06,98.0035,98.7668,99.4128,98.0035,3480837.0,00016
2023-10-09,98.532,98.532,98.7668,97.6512,1377748.0,00016
2023-10-10,100.0,99.8238,101.1157,99.2953,3017321.0,00016
2023-10-11,100.5285,99.9413,100.9395,99.5302,3342531.0,00016
2023-10-12,101.2331,100.5872,101.3505,99.5302,3198404.0,00016
2023-10-13,98.7668,98.1796,100.2936,98.0622,2459011.0,00016
2023-10-16,98.0622,97.7686,99.1192,97.3576,2045331.0,00016
2023-10-17,98.4145,98.2384,99.0017,97.5925,2050842.0,00016
2023-10-18,97.9448,98.0035,98.8256,97.475,2152304.0,00016
2023-10-19,96.8878,95.5373,96.9465,94.8913,4543862.0,00016
2023-10-20,95.4785,95.7134,96.8878,95.0088,2613198.0,00016
2023-10-24,95.9483,93.8344,95.9483,93.5995,5774534.0,00016
2023-10-25,95.0088,93.3646,97.5924,92.5425,10232774.0,00016
2023-10-26,92.7774,92.9536,93.1885,91.603,4654972.0,00016
2023-10-27,93.8931,94.7739,95.6547,92.9536,3777830.0,00016
2023-10-30,94.3041,95.596,95.7721,94.2454,2618696.0,00016
2023-10-31,95.7721,94.3629,96.5355,94.2454,3104030.0,00016
2023-11-01,94.539,95.2436,95.6547,94.3628,2656921.0,00016
2023-11-02,97.2401,97.0053,98.0622,96.7117,3350750.0,00016
2023-11-03,97.6512,99.5889,100.822,96.8291,6444225.0,00016
2023-11-06,101.9221,98.7294,101.9221,98.668,3927907.0,00016
2023-11-07,98.2381,96.826,98.7293,96.4576,4347736.0,00016
2023-11-08,96.7646,95.8436,96.8874,95.2296,3826180.0,00016
2023-11-09,96.5804,95.598,96.9488,95.598,2180951.0,00016
2023-11-10,94.8612,94.4314,95.598,93.8174,2748487.0,00016
2023-11-13,94.5542,95.0454,95.2296,93.9402,1987824.0,00016
2023-11-14,95.598,95.6594,96.519,94.9226,1353594.0,00016
2023-11-15,98.4838,99.1591,100.0801,97.747,5807703.0,00016
2023-11-16,99.4661,98.054,99.4661,97.2558,2259530.0,00016
2023-11-17,96.9488,96.5804,97.3786,96.1506,1887785.0,00016
2023-11-20,97.3786,98.6679,99.0977,96.7646,2348031.0,00016
2023-11-21,99.4047,97.44,100.5099,97.0102,3136739.0,00016
2023-11-22,97.44,97.9312,97.9312,96.9488,1744532.0,00016
2023-11-23,97.9926,98.7907,99.0977,96.826,2087695.0,00016
2023-11-24,97.9926,97.44,98.2995,97.2558,1754202.0,00016
2023-11-27,98.2996,96.4576,98.5451,95.4752,2692530.0,00016
2023-11-28,96.6418,95.598,96.8874,95.3524,3047870.0,00016
2023-11-29,95.291,93.8174,95.598,92.5895,6113427.0,00016
2023-11-30,94.37,94.1244,94.37,93.142,6939158.0,00016
2023-12-01,94.1244,93.3877,94.3086,93.2649,5199116.0,00016
2023-12-04,95.5366,93.5718,97.0102,93.3876,4137466.0,00016
2023-12-05,93.5718,93.2035,93.8788,92.5895,4295948.0,00016
2023-12-06,93.3876,94.2472,94.984,92.835,2806413.0,00016
2023-12-07,94.1858,95.1068,95.1682,93.3876,1864864.0,00016
2023-12-08,96.5804,94.7998,96.7032,94.5542,2420057.0,00016
2023-12-11,93.2648,95.1682,95.6594,93.0807,2264207.0,00016
2023-12-12,95.1682,95.3524,95.6594,93.6332,1463398.0,00016
2023-12-13,95.1682,95.7208,96.1506,95.1068,2989047.0,00016
2023-12-14,97.0102,98.9749,100.3871,97.0102,6456935.0,00016
2023-12-15,101.1239,102.8431,103.9483,100.6941,9920397.0,00016
2023-12-18,102.5361,101.0011,102.6589,99.9573,3596158.0,00016
2023-12-19,100.1415,100.8783,101.9221,99.9573,2838979.0,00016
2023-12-20,102.1063,100.7555,102.4747,100.0187,3317694.0,00016
2023-12-21,100.7555,101.5537,102.1063,99.8959,2021386.0,00016
2023-12-22,102.3519,101.6151,102.7817,101.3695,1945594.0,00016
2023-12-27,102.7817,102.7817,103.8868,101.7379,3302431.0,00016
2023-12-28,102.5361,104.1938,104.378,102.5361,2700163.0,00016
2023-12-29,104.1938,103.7026,104.5622,102.9045,2413832.0,00016
2024-01-02,104.378,102.5361,104.378,101.7379,1672831.0,00016
2024-01-03,102.0449,99.8959,102.4133,99.4661,2475282.0,00016
2024-01-04,99.2819,99.3433,99.6503,98.6065,1886945.0,00016
2024-01-05,99.3433,99.0363,99.8959,98.4837,1769482.0,00016
2024-01-08,99.0363,97.747,99.8959,97.2558,2014712.0,00016
2024-01-09,98.2382,97.3786,98.6065,97.3786,1865546.0,00016
2024-01-10,97.0102,97.2558,97.5014,96.3348,1386955.0,00016
2024-01-11,96.7646,98.1154,98.9135,96.4576,1492837.0,00016
2024-01-12,97.133,97.3172,98.4223,96.8874,2715530.0,00016
2024-01-15,97.3172,96.3348,97.3172,96.1506,1781952.0,00016
2024-01-16,96.2734,95.4138,97.0102,95.2296,4635892.0,00016
2024-01-17,94.9226,92.2825,94.9226,91.7299,6727766.0,00016
2024-01-18,91.7913,92.2211,92.5895,89.7651,6761886.0,00016
2024-01-19,92.4667,92.7123,94.4928,92.2211,3635332.0,00016
2024-01-22,93.0807,90.9931,93.0807,90.3791,5780742.0,00016
2024-01-23,90.9931,91.4843,92.1597,90.1335,5403102.0,00016
2024-01-24,91.4843,93.2649,93.6332,91.0545,3541876.0,00016
2024-01-25,93.756,93.3877,93.8788,92.2825,2530557.0,00016
2024-01-26,93.449,94.3086,95.905,93.449,4127219.0,00016
2024-01-29,93.6947,93.9402,95.905,93.449,3486636.0,00016
2024-01-30,93.2648,91.1159,93.9402,90.7475,4267345.0,00016
2024-01-31,90.2563,89.4581,90.6247,88.7827,6850446.0,00016
2024-02-01,89.4581,89.0897,89.4581,87.9231,5378910.0,00016
2024-02-02,89.6423,89.0897,91.9755,88.7827,2942157.0,00016
2024-02-05,87.8618,87.6776,88.5985,87.2478,3117933.0,00016
2024-02-06,87.432,88.0459,88.1687,87.3706,8431790.0,00016
2024-02-07,88.4757,89.4581,91.1159,87.8618,6038615.0,00016
2024-02-08,89.4581,88.8441,90.2563,88.2915,2284525.0,00016
2024-02-09,88.8441,87.8003,88.8441,87.0022,2166684.0,00016
2024-02-14,86.2654,87.6776,87.6776,85.1602,4512228.0,00016
2024-02-15,86.4496,87.3706,87.7389,86.4496,3489602.0,00016
2024-02-16,87.6162,89.6423,89.8265,87.6162,3931336.0,00016
2024-02-19,89.7037,88.1687,89.8265,87.6776,2275616.0,00016
2024-02-20,88.4757,88.9669,89.0283,87.7389,3252379.0,00016
2024-02-21,89.2739,92.2825,92.9579,88.5371,5643770.0,00016
2024-02-22,92.0983,93.449,93.5104,91.3001,5132629.0,00016
2024-02-23,92.4053,93.3877,94.1858,92.4053,2870907.0,00016
2024-02-26,92.9579,94.063,94.7384,92.5895,3101711.0,00016
2024-02-27,94.677,95.1682,95.4752,93.5104,6030732.0,00016
2024-02-28,95.1682,95.7822,99.7117,93.2648,21781957.0,00016
2024-02-29,94.3086,96.9488,97.9926,93.1421,13097503.0,00016
2024-03-01,96.9488,97.5628,98.5451,96.212,6412265.0,00016
2024-03-04,99.4661,99.2205,100.4485,98.1153,6135805.0,00016
2024-03-05,99.0363,97.3786,99.6503,96.7646,5847506.0,00016
2024-03-06,97.3786,96.7646,97.3786,95.291,4665520.0,00016
2024-03-07,95.7822,96.7032,97.3172,95.7822,3296880.0,00016
2024-03-08,96.7032,95.9664,97.9926,95.8436,3077293.0,00016
2024-03-11,95.905,96.6418,97.133,95.8436,2442300.0,00016
2024-03-12,97.574,99.1277,99.6249,96.5796,6868490.0,00016
2024-03-13,98.382,99.3142,99.6249,98.382,2372135.0,00016
2024-03-14,99.1899,97.9469,99.252,97.574,2158464.0,00016
2024-03-15,96.6418,97.3254,98.6305,96.6418,8892343.0,00016
2024-03-18,96.9525,94.7773,97.0147,94.2801,3756438.0,00016
2024-03-19,94.5909,95.2745,96.1446,93.5965,2983340.0,00016
2024-03-20,95.9581,93.3479,95.9581,92.975,3073009.0,00016
2024-03-21,94.2801,94.9016,96.0203,94.218,3812262.0,00016
2024-03-22,94.9016,92.3535,94.9016,91.9806,5840774.0,00016
2024-03-25,92.4778,92.6021,93.0993,92.4778,4384185.0,00016
2024-03-26,94.0315,94.0937,94.5909,92.9128,4624612.0,00016
2024-03-27,94.0937,94.5287,95.0881,92.4156,4399744.0,00016
2024-03-28,94.5287,93.7829,95.0259,93.0993,5185343.0,00016
2024-04-02,93.7829,95.1502,96.5796,93.7829,4601874.0,00016
2024-04-03,94.4044,92.975,94.4044,92.4156,3015169.0,00016
2024-04-05,93.4722,92.4156,94.2801,91.8563,2903332.0,00016
2024-04-08,91.9806,92.5399,93.0371,90.7376,2563431.0,00016
2024-04-09,93.2236,92.5399,94.0937,92.3535,1489911.0,00016
2024-04-10,93.3479,93.5965,93.6586,92.6021,4193170.0,00016
2024-04-11,91.9806,92.3535,92.6021,90.7376,2152894.0,00016
2024-04-12,92.3535,90.7998,92.4156,90.1783,7136919.0,00016
2024-04-15,90.5512,88.6246,90.5512,88.3138,4809322.0,00016
2024-04-16,88.9975,86.4493,88.9975,86.3872,4668590.0,00016
2024-04-17,86.5736,86.9465,87.568,86.3872,4231102.0,00016
2024-04-18,87.133,87.0087,88.1274,86.2007,2946226.0,00016
2024-04-19,87.133,87.0087,87.3816,85.2685,3418687.0,00016
2024-04-22,87.6923,87.6923,89.7432,87.5059,2663359.0,00016
2024-04-23,88.4381,88.9975,89.3704,87.6302,2305049.0,00016
2024-04-24,89.7432,89.3703,89.9297,88.2517,2559873.0,00016
2024-04-25,89.2461,89.4946,90.489,88.8732,4435039.0,00016
2024-04-26,89.8054,90.5512,91.5456,89.3704,5242250.0,00016
2024-04-29,90.8619,90.3647,93.0371,89.9297,5833879.0,00016
2024-04-30,90.5512,90.4269,91.732,90.1783,3933995.0,00016
2024-05-02,89.8675,91.9806,92.6642,89.8675,4050728.0,00016
2024-05-03,93.2236,92.7885,93.5965,92.2292,3408168.0,00016
2024-05-06,92.7885,93.0993,93.6586,92.2913,2266264.0,00016
2024-05-07,93.2236,93.4722,93.8451,92.4778,3378239.0,00016
2024-05-08,94.0937,91.6699,94.1558,91.4213,3716338.0,00016
2024-05-09,91.9185,92.4156,92.975,91.3591,2510075.0,00016
2024-05-10,93.3479,95.7095,95.7095,92.4156,5122469.0,00016
2024-05-13,95.461,96.9525,96.9525,95.461,4134806.0,00016
2024-05-14,97.4497,96.7661,97.8848,96.1446,2762547.0,00016
2024-05-16,97.3876,99.0035,99.4385,95.9581,5881950.0,00016
2024-05-17,99.4385,99.5628,99.9357,98.3198,4862947.0,00016
2024-05-20,100.1221,100.6815,101.6759,99.0656,3372105.0,00016
2024-05-21,100.5572,99.0656,100.9922,98.1955,2878411.0,00016
2024-05-22,98.817,99.0035,100.06,97.8848,2315808.0,00016
2024-05-23,99.5628,98.5063,99.5628,97.3254,4723724.0,00016
2024-05-24,98.382,95.896,98.382,95.2745,2830472.0,00016
2024-05-27,95.896,95.5852,96.1446,94.4666,1414315.0,00016
2024-05-28,95.896,95.461,96.7661,95.0881,2361873.0,00016
2024-05-29,93.9694,93.8451,94.9016,93.1614,2502501.0,00016
2024-05-30,93.2236,93.7208,94.2801,92.975,3679731.0,00016
2024-05-31,94.5287,93.5965,95.461,93.3479,7897543.0,00016
2024-06-03,94.0937,92.6021,94.5287,92.3535,3786574.0,00016
2024-06-04,92.3535,92.4156,93.8451,92.0428,3682160.0,00016
2024-06-05,92.975,92.5399,94.218,92.2913,3480667.0,00016
2024-06-06,93.0993,93.2236,94.5909,92.3535,3299685.0,00016
2024-06-07,93.4722,91.4834,93.4722,90.9862,4443203.0,00016
2024-06-11,91.2348,90.4269,91.2348,89.3704,6299714.0,00016
2024-06-12,90.4269,88.9975,90.4269,88.5624,3453479.0,00016
2024-06-13,89.5568,89.5568,90.1783,88.6245,2593170.0,00016
2024-06-14,89.3704,88.9975,90.3647,88.9353,1911179.0,00016
2024-06-17,88.9353,88.1274,89.1217,87.8166,2845532.0,00016
2024-06-18,88.7489,87.6302,88.7489,87.1951,2843591.0,00016
2024-06-19,88.5003,88.9975,89.1839,87.9409,2058120.0,00016
2024-06-20,88.9974,88.3138,89.6189,88.0031,2402300.0,00016
2024-06-21,88.0031,87.0087,88.2517,87.0087,5875672.0,00016
2024-06-24,87.0708,86.2629,87.4437,85.2064,5543089.0,00016
2024-06-25,86.5736,86.2629,86.8844,85.7035,2391152.0,00016
2024-06-26,85.6414,86.325,87.0708,85.4549,2731705.0,00016
2024-06-27,86.325,83.9634,86.325,83.9012,8204190.0,00016
2024-06-28,83.1554,83.9634,84.8956,83.1554,5660733.0,00016
2024-07-02,83.9634,83.404,85.2685,82.7204,4963453.0,00016
2024-07-03,83.7769,83.4662,84.5227,83.0933,4445029.0,00016
2024-07-04,84.4606,82.8447,84.4606,82.5339,3440540.0,00016
2024-07-05,82.9068,82.6583,83.3419,82.5961,2518571.0,00016
2024-07-08,82.5961,81.7882,83.2797,81.1667,5046875.0,00016
2024-07-09,81.4153,83.1554,83.4662,81.291,4184224.0,00016
2024-07-10,81.5396,81.6639,82.7825,81.4774,3271744.0,00016
2024-07-11,82.4096,84.7713,84.9578,82.4096,3357681.0,00016
2024-07-12,85.7035,89.9918,90.6133,85.7035,8601391.0,00016
2024-07-15,89.9918,89.5568,90.7376,89.0596,5170113.0,00016
2024-07-16,88.5003,87.5059,88.9974,87.0708,2863149.0,00016
2024-07-17,87.8166,89.6189,89.8054,87.8166,4435585.0,00016
2024-07-18,88.6245,89.6811,90.054,88.6245,2455986.0,00016
2024-07-19,88.5003,87.1951,89.1217,86.6358,3118977.0,00016
2024-07-22,87.568,87.6923,87.9409,85.7657,1507501.0,00016
2024-07-23,87.7545,86.5736,88.8732,86.1386,2268828.0,00016
2024-07-24,85.8279,85.455,86.325,84.9578,2431833.0,00016
2024-07-25,85.4549,84.4606,85.4549,84.0255,4250949.0,00016
2024-07-26,85.2064,86.8844,87.4437,84.8335,4454336.0,00016
2024-07-29,87.8788,86.8844,87.8788,86.0143,2927526.0,00016
2024-07-30,86.8844,83.404,86.8844,83.0933,5939653.0,00016
2024-07-31,84.1498,84.3363,84.7092,83.1554,4746042.0,00016
2024-08-01,84.5227,84.7092,85.0821,83.9634,4274232.0,00016
2024-08-02,84.7092,83.9012,84.7092,83.0311,2688872.0,00016
2024-08-05,82.9068,87.1951,87.8166,82.9068,8004054.0,00016
2024-08-06,87.6302,87.3816,88.2517,87.133,6474852.0,00016
2024-08-07,87.6302,88.811,88.9353,87.1951,3354399.0,00016
2024-08-08,88.811,89.246,89.8675,88.2517,3086729.0,00016
2024-08-09,89.6811,90.6133,91.1105,89.6189,3884030.0,00016
2024-08-12,90.489,88.9353,91.297,87.3816,3771300.0,00016
2024-08-13,89.8054,89.3703,90.2404,88.811,2180424.0,00016
2024-08-14,89.3703,89.246,90.2404,88.9353,2062514.0,00016
2024-08-15,89.246,89.3082,89.4946,88.2517,2561038.0,00016
2024-08-16,90.1161,89.3082,91.0484,89.1217,2738946.0,00016
2024-08-19,89.7432,89.4325,91.3591,89.1839,2084833.0,00016
2024-08-20,90.3026,89.4946,90.5512,89.2461,1145817.0,00016
2024-08-21,88.9974,88.5003,89.0596,87.568,2435760.0,00016
2024-08-22,89.3082,89.4325,89.8675,88.4381,2976136.0,00016
2024-08-23,89.4325,89.3703,89.6811,88.5002,1539964.0,00016
2024-08-26,90.2404,92.4778,93.0371,90.2404,4728542.0,00016
2024-08-27,92.4778,93.5965,93.7208,92.0428,4172001.0,00016
2024-08-28,93.5965,94.3423,94.7773,93.1614,3836133.0,00016
2024-08-29,93.5343,94.9016,95.2745,93.3479,3817146.0,00016
2024-08-30,94.9016,95.0259,96.9525,94.3423,8138943.0,00016
2024-09-02,94.4044,92.6642,94.4044,92.1049,2800843.0,00016
2024-09-03,92.5399,92.5399,93.1614,91.5456,1391862.0,00016
2024-09-04,92.5399,91.6699,92.9128,90.8619,3378928.0,00016
2024-09-05,91.732,93.41,94.1558,91.6699,5289099.0,00016
2024-09-09,93.41,95.7717,96.331,92.2292,9214626.0,00016
2024-09-10,95.7717,95.5231,96.2689,94.218,5758661.0,00016
2024-09-11,94.4666,94.8395,95.2745,93.3479,4210813.0,00016
2024-09-12,95.461,95.896,96.8904,94.7773,4970876.0,00016
2024-09-13,95.8339,96.7039,97.4497,95.8339,3630362.0,00016
2024-09-16,96.2689,98.1955,98.1955,95.896,4583636.0,00016
2024-09-17,98.1955,100.1221,101.0544,96.8282,7350836.0,00016
2024-09-19,99.6871,100.1843,101.8002,99.6871,9224386.0,00016
2024-09-20,100.9922,101.1165,102.2352,100.6815,11109941.0,00016
2024-09-23,100.7436,100.9301,102.5459,100.6193,3459598.0,00016
2024-09-24,101.9245,101.4273,102.6702,100.6815,6115136.0,00016
2024-09-25,103.1674,102.981,104.9698,102.7945,6614623.0,00016
2024-09-26,102.981,103.6646,103.7268,101.6137,5787088.0,00016
2024-09-27,109.1337,107.58,109.3823,104.4104,11662932.0,00016
2024-09-30,107.58,106.337,109.258,105.9641,10377185.0,00016
2024-10-02,109.6309,113.1734,114.4786,109.5688,15291415.0,00016
2024-10-03,114.4164,111.8683,114.4164,108.4501,9185962.0,00016
2024-10-04,111.8683,111.6197,112.3033,109.8795,4770907.0,00016
2024-10-07,113.0491,112.8627,114.0435,111.8683,4402993.0,00016
2024-10-08,114.3543,107.4557,114.3543,106.0884,8452950.0,00016
2024-10-09,107.4557,106.4613,108.0151,102.5459,7255129.0,00016
2024-10-10,106.2749,105.1562,106.8342,104.4726,7299425.0,00016
2024-10-14,106.6478,106.0884,106.7721,103.6025,3484030.0,00016
2024-10-15,106.6478,106.8964,108.8851,105.3426,8961004.0,00016
2024-10-16,105.902,107.7665,111.3711,105.5913,5195501.0,00016
2024-10-17,109.4445,107.5179,110.3767,106.7099,7821659.0,00016
2024-10-18,107.7043,108.5744,109.8795,106.5235,2532237.0,00016
2024-10-21,107.7043,107.2693,109.3823,106.7099,3222036.0,00016
2024-10-22,106.8964,104.9698,106.8964,104.0997,4256552.0,00016
2024-10-23,105.0319,104.7833,105.6534,103.9132,2698559.0,00016
2024-10-24,103.8511,103.9754,104.3483,101.9244,3765684.0,00016
2024-10-25,103.9754,105.7777,106.4613,103.416,3945578.0,00016
2024-10-28,105.1562,106.6478,106.7099,105.1562,2454031.0,00016
2024-10-29,106.9585,106.2127,107.3314,105.0941,2484267.0,00016
2024-10-30,106.7721,104.7212,107.2693,103.9754,4622941.0,00016
2024-10-31,104.7212,104.5969,105.0941,103.3539,4245163.0,00016
2024-11-01,105.9641,105.902,107.0828,105.467,1778895.0,00016
2024-11-04,105.902,105.902,106.2127,104.4726,1937646.0,00016
2024-11-05,105.5912,107.145,107.145,105.5291,2688917.0,00016
2024-11-06,106.5856,104.8454,106.5856,102.9188,6032570.0,00016
2024-11-07,104.8455,103.1053,104.8455,101.9245,6594969.0,00016
2024-11-08,104.5969,103.4782,105.1562,102.2352,3415194.0,00016
2024-11-11,102.6421,101.2273,103.1566,100.5841,3661746.0,00016
2024-11-12,101.0986,99.2979,101.0986,97.9473,4615964.0,00016
2024-11-13,98.076,98.7191,99.2979,97.8187,3562682.0,00016
2024-11-14,97.7544,98.5905,99.2336,97.7544,3836637.0,00016
2024-11-15,98.7834,98.3332,100.2626,98.1403,2489979.0,00016
2024-11-18,99.6194,98.076,99.6194,97.4328,2245049.0,00016
2024-11-19,98.3332,99.0406,99.2979,97.8187,2578580.0,00016
2024-11-20,99.1693,99.5551,100.2626,98.7834,2051112.0,00016
2024-11-21,98.5905,99.2336,99.4908,98.2689,2186904.0,00016
2024-11-22,100.0696,98.1403,100.3269,97.3685,3211058.0,00016
2024-11-25,98.2046,97.4328,98.7191,97.1113,4491869.0,00016
2024-11-26,97.2399,97.3042,98.2046,96.7254,4023409.0,00016
2024-11-27,99.0406,99.4265,100.0696,97.883,4710959.0,00016
2024-11-28,100.2626,99.6838,100.9057,98.4618,2203301.0,00016
2024-11-29,99.0406,99.3622,100.5841,98.6548,2100184.0,00016
2024-12-02,99.105,99.0406,101.0986,98.5261,2674743.0,00016
2024-12-03,99.0406,100.6485,100.7128,98.7834,3609911.0,00016
2024-12-04,99.105,100.1983,100.6485,99.0407,2929946.0,00016
2024-12-05,100.0696,99.4908,100.0696,98.9763,1790070.0,00016
2024-12-06,99.5552,99.7481,100.4555,99.105,3877657.0,00016
2024-12-09,99.4908,100.1983,100.1983,97.883,3510088.0,00016
2024-12-10,103.5425,100.97,103.7997,100.8414,5285451.0,00016
2024-12-11,101.163,98.3975,102.0633,98.076,2834453.0,00016
2024-12-12,98.2046,98.7191,100.0053,97.1113,2685239.0,00016
2024-12-13,98.0116,97.1113,98.3975,96.5968,3401356.0,00016
2024-12-16,96.4682,96.2752,96.9827,95.6964,2784973.0,00016
2024-12-17,95.3105,95.1819,96.1466,94.5388,2739004.0,00016
2024-12-18,94.9247,95.1176,95.4392,94.4745,2113925.0,00016
2024-12-19,93.7671,92.9953,93.8957,92.3522,6634060.0,00016
2024-12-20,92.2236,93.3812,94.7317,92.2236,5914380.0,00016
2024-12-23,93.7027,93.96,95.0533,93.7027,1810594.0,00016
2024-12-24,95.6321,95.6321,95.6321,95.6321,0.0,00016
2024-12-27,95.0533,95.6964,96.9183,95.0533,2086379.0,00016
2024-12-30,96.0823,95.7607,96.4682,94.8604,3263700.0,00016
2024-12-31,96.4682,96.4682,96.4682,96.4682,0.0,00016
2025-01-02,95.7607,94.9247,96.2752,94.5388,3042914.0,00016
2025-01-03,96.018,95.1819,96.4038,94.5388,1837755.0,00016
2025-01-06,95.0533,94.7317,95.5035,94.2816,1419571.0,00016
2025-01-07,93.8957,94.1529,95.6964,93.6384,2486070.0,00016
2025-01-08,93.3169,92.2235,93.8314,91.4518,3726254.0,00016
2025-01-09,92.0949,91.5804,92.3522,91.4518,2109057.0,00016
2025-01-10,92.2236,91.5804,92.6094,91.1303,1871834.0,00016
2025-01-13,90.6801,90.1656,91.3232,88.9436,3252364.0,00016
2025-01-14,90.1656,90.1656,90.9373,89.844,3516570.0,00016
2025-01-15,89.7797,91.1303,91.3875,89.7797,3280745.0,00016
2025-01-16,91.0016,90.2942,92.1593,90.1013,4128534.0,00016
2025-01-17,89.844,89.9083,90.6158,89.5225,3166117.0,00016
2025-01-20,90.037,91.6448,92.8024,90.037,3210059.0,00016
2025-01-21,91.6448,91.8377,92.8024,91.0016,3079456.0,00016
2025-01-22,91.8377,90.9373,91.9663,90.6801,2558601.0,00016
2025-01-23,90.1013,89.3295,91.0016,89.2009,3921941.0,00016
2025-01-24,89.7797,89.6511,90.2299,89.1366,2632611.0,00016
2025-01-27,90.1656,90.1013,90.7444,89.5224,2492924.0,00016
2025-01-28,89.7797,89.7797,89.7797,89.7797,0.0,00016
2025-02-03,87.5931,90.6801,90.8087,87.5931,3104744.0,00016
2025-02-04,92.1592,91.5161,92.1592,89.7154,3589806.0,00016
2025-02-05,90.037,89.7154,90.7444,89.4581,3696511.0,00016
2025-02-06,90.1656,91.0659,91.1946,90.0369,2592668.0,00016
2025-02-07,90.9373,90.1656,91.5804,90.037,2950854.0,00016
2025-02-10,90.0369,90.1013,91.2589,90.0369,2364631.0,00016
2025-02-11,89.844,89.0079,90.1656,88.9436,3172782.0,00016
2025-02-12,90.2942,92.3522,93.1882,89.7797,6816884.0,00016
2025-02-13,92.6094,92.0306,93.7671,91.6448,5127050.0,00016
2025-02-14,92.931,92.0306,93.4455,91.2589,4024144.0,00016
2025-02-17,90.1656,92.1592,92.8024,90.1656,2866518.0,00016
2025-02-18,91.5804,90.6801,92.1592,90.1013,3581762.0,00016
2025-02-19,89.9726,91.0659,91.0659,89.9726,3658523.0,00016
2025-02-20,89.9726,90.873,91.7734,89.9726,1874937.0,00016
2025-02-21,91.3232,90.7444,91.9663,89.844,3924075.0,00016
2025-02-24,90.0369,94.2172,95.2462,90.0369,7901683.0,00016
2025-02-25,93.2526,93.5098,93.96,92.6094,3863769.0,00016
2025-02-26,94.0243,95.9537,96.4682,94.0243,7779919.0,00016
2025-02-27,95.7607,96.4038,97.3042,95.5678,5259475.0,00016
2025-02-28,95.2462,93.6384,95.2462,92.1593,8889384.0,00016
2025-03-03,93.7027,95.6964,96.4682,93.7027,6203474.0,00016
2025-03-04,94.8604,96.018,96.9827,94.796,4042973.0,00016
2025-03-05,96.4682,97.5615,98.2689,96.3395,4217991.0,00016
2025-03-06,97.9473,98.7834,99.2979,96.9183,5642752.0,00016
2025-03-07,98.912,97.7544,98.912,97.1756,5178818.0,00016
2025-03-10,97.3042,98.2689,98.7834,96.854,5319625.0,00016
2025-03-11,97.7544,98.912,99.4908,96.5968,4767296.0,00016
2025-03-12,98.1957,98.4562,98.9771,97.0236,4664556.0,00016
2025-03-13,98.9771,97.805,99.4981,97.0888,2925989.0,00016
2025-03-14,98.8469,99.2376,99.6283,97.805,4464540.0,00016
2025-03-17,98.326,98.9771,99.9539,97.9353,2497459.0,00016
2025-03-18,99.8237,101.3865,101.4516,99.7585,5929078.0,00016
2025-03-19,101.3864,101.7772,102.3632,100.9958,4231243.0,00016
2025-03-20,101.9725,99.1074,102.233,99.1074,7215165.0,00016
2025-03-21,99.6283,98.4562,100.3446,97.4794,5924499.0,00016
2025-03-24,98.326,96.6329,98.326,95.7213,6294686.0,00016
2025-03-25,96.4376,96.8283,97.5446,95.526,3134542.0,00016
2025-03-26,97.2841,97.805,97.805,96.5678,2632541.0,00016
2025-03-27,97.805,97.0888,98.3911,97.0236,3117630.0,00016
2025-03-28,98.1306,97.219,98.1306,95.9818,2651807.0,00016
2025-03-31,97.219,96.2422,97.219,95.3306,4398956.0,00016
2025-04-01,96.6981,97.4795,97.8702,96.6329,2915019.0,00016
2025-04-02,97.0236,96.6981,97.4143,95.2004,2853530.0,00016
2025-04-03,95.6562,95.9167,96.7632,95.2004,2328198.0,00016
2025-04-07,95.0702,89.926,95.4609,89.8608,8250003.0,00016
2025-04-08,89.0794,87.712,91.6841,86.605,7660321.0,00016
2025-04-09,85.9538,86.1492,87.0608,84.912,6599176.0,00016
2025-04-10,86.1492,88.4934,89.3399,86.0841,4579382.0,00016
2025-04-11,87.5166,88.3631,88.8189,86.4096,4044317.0,00016
2025-04-14,89.0794,89.4701,89.8608,88.4934,3481095.0,00016
2025-04-15,90.2515,90.3818,90.6422,89.2748,2178403.0,00016
2025-04-16,90.3818,91.7492,92.0097,90.3818,3555069.0,00016
2025-04-17,91.7492,92.3353,93.1167,91.5539,1914567.0,00016
2025-04-22,92.3353,93.1818,93.6376,91.6841,2227260.0,00016
2025-04-23,94.8748,94.5492,95.0702,94.2236,3772939.0,00016
2025-04-24,93.4422,94.0283,94.8748,93.4422,1854778.0,00016
2025-04-25,94.8748,94.2236,95.3957,93.9632,2901338.0,00016
2025-04-28,94.2887,94.6143,95.005,94.0283,3165080.0,00016
2025-04-29,94.6143,94.3539,95.9818,92.9864,2633180.0,00016
2025-04-30,94.4841,95.9167,96.1771,94.0934,5306300.0,00016
2025-05-02,95.7213,96.4376,96.6329,94.5492,3502985.0,00016
2025-05-06,97.0236,98.0004,98.6516,96.5027,4235922.0,00016
2025-05-07,99.6283,99.6283,100.5399,98.5864,5960008.0,00016
2025-05-08,99.4981,99.3678,99.7585,97.4144,3053927.0,00016
2025-05-09,99.1074,104.3818,104.6423,98.912,9020071.0,00016
2025-05-12,107.4423,105.8795,107.4423,105.4888,6299625.0,00016
2025-05-13,104.9027,106.14,107.0516,104.9027,4674064.0,00016
2025-05-14,105.4888,106.726,106.9865,105.2934,3949740.0,00016
2025-05-15,105.9446,105.5539,106.4655,104.9027,2908646.0,00016
2025-05-16,105.7493,105.4888,106.2702,104.1865,1840377.0,00016
2025-05-19,104.9027,105.3586,106.0748,104.7074,1886008.0,00016
2025-05-20,106.7911,106.7911,107.1818,105.4237,2641074.0,00016
2025-05-21,107.7028,107.2469,108.5493,106.9865,3822021.0,00016
2025-05-22,107.833,105.6841,107.833,105.3586,1819275.0,00016
2025-05-23,105.2934,106.0748,106.4655,105.2283,1772018.0,00016
2025-05-26,106.2702,106.8562,108.1586,106.0748,3480209.0,00016
2025-05-27,106.9214,107.833,107.9632,106.9214,2552096.0,00016
2025-05-28,108.2237,107.8981,110.047,107.4423,2960164.0,00016
2025-05-29,108.7446,108.2888,109.3958,107.6376,3620033.0,00016
2025-05-30,107.4423,109.7214,109.7214,107.2469,7142435.0,00016
2025-06-02,109.7214,108.1586,110.3074,106.4655,3909847.0,00016
2025-06-03,108.94,110.5679,110.633,108.7446,3408923.0,00016
2025-06-04,109.5911,109.1353,110.5679,108.8097,2356789.0,00016
2025-06-05,110.5028,110.3074,111.0888,109.3958,3116939.0,00016
2025-06-06,110.4377,110.7632,111.3493,110.4377,6046475.0,00016
2025-06-09,111.0888,110.8283,111.4795,110.5679,2320928.0,00016
2025-06-10,109.9167,109.9167,110.3725,109.1353,3242774.0,00016
2025-06-11,110.5679,111.2842,112.4563,110.3725,2889393.0,00016
2025-06-12,111.219,111.6097,112.7818,110.7632,2825016.0,00016
2025-06-13,114.6051,112.7167,114.6051,110.8935,3204300.0,00016
2025-06-16,112.0004,113.5632,113.8237,112.0004,2152790.0,00016
2025-06-17,113.5632,113.4981,114.2795,112.847,4319734.0,00016
2025-06-18,112.7167,111.0237,113.3679,110.7632,3829628.0,00016
2025-06-19,110.3725,108.6795,110.633,108.3539,5231339.0,00016
2025-06-20,108.6795,110.633,110.633,107.833,7701613.0,00016
2025-06-23,110.1772,115.1911,115.1911,109.5911,8504278.0,00016
2025-06-24,115.5819,117.1446,117.5354,115.5819,5764267.0,00016
2025-06-25,117.4702,121.1168,122.7447,117.1447,11055375.0,00016
2025-06-26,120.8563,118.447,120.8563,116.2981,8096555.0,00016
2025-06-27,118.447,117.9261,119.4237,117.2749,4181375.0,00016
2025-06-30,116.9493,117.2749,118.3167,116.754,4732674.0,00016
2025-07-02,117.9912,121.1168,122.1586,117.7958,7250221.0,00016
2025-07-03,121.7679,121.5075,122.7447,120.9214,3961580.0,00016
2025-07-04,120.0749,120.9865,121.1819,118.3819,3969231.0,00016
2025-07-07,121.6377,121.247,123.0703,120.6609,4340699.0,00016
2025-07-08,122.0935,120.5958,122.7447,120.2702,3844407.0,00016
2025-07-09,119.6191,117.0144,120.14,114.9958,8084430.0,00016
2025-07-10,117.6656,115.5167,117.7958,114.4749,7427926.0,00016
2025-07-11,116.6888,116.8842,119.6191,116.5586,5898600.0,00016
2025-07-14,118.1865,116.4284,118.3819,115.5818,1919850.0,00016
2025-07-15,116.4284,117.9261,118.3819,116.1679,3153445.0,00016
2025-07-16,117.9261,117.0795,118.1214,116.5586,3706255.0,00016
2025-07-17,117.34,118.9679,119.6191,117.2749,3013929.0,00016
2025-07-18,119.2284,118.3819,119.8144,117.7958,2145768.0,00016
2025-07-21,118.7726,118.3819,119.4888,117.4702,1667541.0,00016
2025-07-22,118.5121,119.033,120.14,118.3819,3146307.0,00016
2025-07-23,119.8144,120.2051,120.4005,119.4888,3368807.0,00016
2025-07-24,119.7493,121.0516,122.2889,119.4889,3523184.0,00016
2025-07-25,121.0516,120.2051,121.3121,119.6842,2602142.0,00016
2025-07-28,121.3121,122.4191,122.8098,120.7261,2630423.0,00016
2025-07-29,122.4191,123.6563,123.6563,121.1168,2783525.0,00016
2025-07-30,123.5261,123.2656,124.8935,122.354,3235237.0,00016
2025-07-31,123.0703,121.7679,123.0703,121.3121,3181162.0,00016
2025-08-01,121.7679,119.4237,121.7679,119.033,4055780.0,00016
2025-08-04,119.8144,122.354,124.6982,119.0981,4753643.0,00016
2025-08-05,121.7679,120.9214,122.4191,120.3354,2943981.0,00016
2025-08-06,120.7261,122.0935,122.354,120.5307,2379439.0,00016
2025-08-07,122.4842,125.3493,127.3028,122.4842,9247003.0,00016
2025-08-08,125.0889,122.5493,125.6098,122.4191,3359424.0,00016
2025-08-11,123.7214,122.8098,124.1121,122.0284,2135088.0,00016
2025-08-12,122.4191,122.2889,123.3307,121.9633,2283845.0,00016
2025-08-13,123.7214,124.1772,124.7633,123.3307,4311140.0,00016
2025-08-14,125.5447,126.5865,127.1075,124.5028,6701120.0,00016
2025-08-15,126.5865,119.8144,127.4982,119.2935,9009664.0,00016
2025-08-18,119.9447,117.0144,120.7261,116.9493,6236243.0,00016
2025-08-19,117.8609,117.9912,118.447,117.34,4783519.0,00016
2025-08-20,117.9912,120.7261,120.8563,116.6888,5025394.0,00016
2025-08-21,121.0516,122.2889,122.2889,120.2702,3786917.0,00016
2025-08-22,123.3307,122.354,124.3726,121.0516,4408767.0,00016
2025-08-25,123.7865,122.0935,124.3075,121.7679,4666687.0,00016
2025-08-26,121.8982,119.4237,121.8982,119.033,8069125.0,00016
2025-08-27,120.4656,119.6191,120.9865,119.033,3809679.0,00016
2025-08-28,120.7261,120.4656,120.7261,118.7074,3567631.0,00016
2025-08-29,121.1168,119.2935,121.7679,119.033,2322897.0,00016
2025-09-01,119.8796,121.1819,121.1819,119.8796,3469405.0,00016
2025-09-02,120.9214,121.9633,122.7447,120.2702,3083217.0,00016
2025-09-03,123.0051,119.9447,124.2423,119.1633,5922635.0,00016
2025-09-04,121.3772,119.033,121.3772,118.6423,2671862.0,00016
2025-09-05,119.033,120.0098,120.14,115.7772,6355917.0,00016
2025-09-08,119.8144,120.4656,120.8563,118.5121,3498657.0,00016
2025-09-09,121.8982,121.7679,123.0051,120.9865,3367578.0,00016
2025-09-10,122.8098,126.9773,127.4331,122.2237,7653520.0,00016
2025-09-11,126.261,124.1772,126.261,124.047,3497570.0,00016
2025-09-12,126.0656,125.154,126.3912,124.1772,4586327.0,00016
2025-09-15,125.3493,126.1307,126.7819,125.154,3340623.0,00016
2025-09-16,126.9772,124.4377,126.9772,123.461,5028316.0,00016
2025-09-17,124.4377,125.2842,126.1959,123.8517,4567887.0,00016
2025-09-18,124.6331,123.1354,125.3493,122.2889,5098733.0,00016
2025-09-19,122.7447,122.4842,123.5261,121.8982,7583527.0,00016
2025-09-22,122.354,121.7028,122.6144,120.3354,4389783.0,00016
2025-09-23,121.7028,120.4005,122.4191,119.9447,2633388.0,00016
2025-09-24,121.7679,120.4656,121.7679,120.0098,3186724.0,00016
2025-09-25,121.1168,118.5772,121.3121,118.0563,4243628.0,00016
2025-09-26,118.1214,119.2935,120.0098,117.4702,3913703.0,00016
2025-09-29,120.4005,121.3121,121.833,118.7726,4925036.0,00016
2025-09-30,122.0284,121.3772,123.5261,120.0749,4526455.0,00016
2025-10-02,122.354,122.2889,122.94,121.9633,4137579.0,00016
2025-10-03,122.2889,121.1168,122.2889,120.6609,2064778.0,00016
2025-10-06,121.247,121.3772,122.1586,120.7261,1495074.0,00016
2025-10-08,121.6377,122.8749,122.8749,120.4656,3100694.0,00016
2025-10-09,123.7214,125.5447,126.0656,123.0703,5095058.0,00016
2025-10-10,125.5447,126.0656,126.5865,124.5679,3680028.0,00016
2025-10-13,126.0656,126.0005,126.0656,123.7214,4642341.0,00016
2025-10-14,126.0005,124.1772,126.1959,123.461,3304195.0,00016
2025-10-15,125.3493,124.047,125.3493,123.2005,4074143.0,00016
2025-10-16,123.2656,121.833,123.2656,119.8144,5558020.0,00016
2025-10-17,120.9865,120.7912,121.8982,120.3354,4130250.0,00016
2025-10-20,122.4191,123.2656,123.7214,122.1586,4534839.0,00016
2025-10-21,123.2656,122.0284,123.6563,121.833,4094664.0,00016
2025-10-22,122.0284,120.2702,122.4191,120.2702,4286835.0,00016
2025-10-23,120.2051,121.7679,122.354,119.8795,3051255.0,00016
2025-10-24,123.3307,123.7865,124.3075,122.0284,2563169.0,00016
2025-10-27,124.7633,123.8517,125.154,123.461,2279636.0,00016
2025-10-28,124.1772,124.7633,125.2842,123.9168,3209932.0,00016
2025-10-30,125.2842,123.2005,125.6098,122.2889,4850659.0,00016
2025-10-31,123.2005,123.0051,124.047,122.5493,3987027.0,00016
2025-11-03,123.5912,125.74,126.261,123.2656,4622551.0,00016
2025-11-04,126.9772,127.954,128.1493,126.4563,6548300.0,00016
2025-11-05,126.4563,126.1307,127.4331,124.6982,6744550.0,00016
2025-11-06,126.1307,127.0424,127.954,125.6749,3369833.0,00016
2025-11-07,127.0424,127.3028,129.2563,126.9121,3467446.0,00016
2025-11-10,128.6436,128.5095,131.8613,128.0402,4704545.0,00016
2025-11-11,129.6491,132.0624,132.0624,129.6491,4496157.0,00016
2025-11-12,132.7328,139.1683,139.4365,132.1295,12132771.0,00016
2025-11-13,138.632,137.6935,139.8387,136.2187,4904584.0,00016
2025-11-14,137.2913,137.2913,138.7661,136.4869,4437867.0,00016
2025-11-17,137.2913,137.2913,138.2298,136.755,3762078.0,00016
2025-11-18,137.2913,134.2076,137.9617,133.8054,4029547.0,00016
2025-11-19,134.3417,133.2021,135.1461,133.135,2947978.0,00016
2025-11-20,133.7384,132.3976,134.0735,131.4591,2659420.0,00016
2025-11-21,130.7217,129.9843,131.191,129.515,3105057.0,00016
2025-11-24,131.8613,131.5262,131.8613,130.1184,4409531.0,00016
2025-11-25,131.5261,131.1239,132.5317,130.8558,3592146.0,00016
2025-11-26,132.0624,131.7273,133.6043,131.4591,5048150.0,00016
2025-11-27,131.258,133.001,134.0735,130.9899,4432713.0,00016
2025-11-28,133.9395,132.1965,133.9395,131.3921,1703397.0,00016
2025-12-01,134.0065,134.7439,135.0121,133.001,3760959.0,00016
2025-12-02,135.4143,134.0065,135.5484,133.3361,2951926.0,00016
2025-12-03,131.9954,132.5317,133.2691,131.9954,2514105.0,00016
2025-12-04,133.001,132.2636,133.001,131.325,2023129.0,00016
2025-12-05,131.191,132.1965,132.2636,130.9228,2884148.0,00016
2025-12-08,131.0569,130.1854,132.5317,129.9843,3023406.0,00016
2025-12-09,130.1854,128.2414,130.5206,127.1688,5569734.0,00016
2025-12-10,128.5765,129.1799,129.6491,127.2358,3688453.0,00016
2025-12-11,129.381,128.5095,130.1854,127.638,3164944.0,00016
2025-12-12,128.6436,133.068,133.135,128.6436,5827957.0,00016
2025-12-15,131.1239,129.381,133.068,128.7776,4175739.0,00016
2025-12-16,129.381,126.4984,129.6491,125.828,4110571.0,00016
2025-12-17,126.0962,125.9621,126.9006,125.3588,3767331.0,00016
2025-12-18,125.2917,125.761,126.6325,124.2191,4254413.0,00016
2025-12-19,126.7665,128.0402,128.3084,126.0962,5062193.0,00016
2025-12-22,128.9117,128.1073,129.1128,127.1688,2122661.0,00016
2025-12-23,128.1073,129.381,130.4536,126.6995,2906446.0,00016
2025-12-24,129.3139,129.3139,129.3139,129.3139,0.0,00016
2025-12-29,129.515,127.2358,129.9843,127.0347,1848050.0,00016
2025-12-30,127.2358,127.571,128.3084,126.4314,2633233.0,00016
2025-12-31,126.4984,126.4984,126.4984,126.4984,0.0,00016
2026-01-02,127.2358,129.515,129.515,127.1017,1453971.0,00016
2026-01-05,129.515,128.0402,130.1854,127.1688,1946030.0,00016
2026-01-06,128.1743,132.0624,133.4702,127.7051,4526774.0,00016
2026-01-07,132.7328,133.5372,136.0846,132.2636,4660100.0,00016
2026-01-08,133.6713,137.8276,137.8276,133.2691,7778271.0,00016
2026-01-09,139.4365,139.7046,140.6432,136.4869,6414014.0,00016
2026-01-12,139.9728,142.9224,142.9224,139.4365,6788458.0,00016
2026-01-13,144.7994,144.6654,146.8105,143.1906,5556444.0,00016
2026-01-14,144.6654,145.7379,146.2742,143.8609,5457747.0,00016
2026-01-15,146.1402,148.9557,149.8942,145.7379,6405416.0,00016
2026-01-16,149.8942,150.9668,151.235,149.0898,5127113.0,00016
2026-01-19,150.9668,149.2239,151.369,148.2853,3975886.0,00016
2026-01-20,147.0787,147.749,149.7601,147.0787,3822459.0,00016
2026-01-21,147.749,147.749,148.6876,146.8105,3553712.0,00016
2026-01-22,149.6261,153.112,153.9164,148.9557,8355826.0,00016
2026-01-23,154.1846,153.5142,155.2572,153.112,6804436.0,00016
2026-01-26,156.3298,159.5475,162.7653,154.989,11871783.0,00016
2026-01-27,158.4749,161.4246,162.3631,158.4749,5790270.0,00016
2026-01-28,162.229,167.1897,168.2623,161.4246,12162039.0,00016
2026-01-29,166.2512,167.0556,167.9942,164.7764,7533717.0,00016
2026-01-30,167.5919,168.5304,169.8712,167.0556,11964578.0,00016
2026-02-02,166.6534,161.2905,166.7875,158.4749,8665331.0,00016
2026-02-03,161.9608,165.0445,165.1786,161.5586,5505474.0,00016
2026-02-04,164.3742,165.7149,168.2623,163.9719,6097207.0,00016
2026-02-05,165.7149,170.0053,170.2734,165.5808,10226554.0,00016
2026-02-06,167.0556,170.4075,170.9438,163.3016,6999381.0,00016
2026-02-09,172.1504,176.3067,176.4408,170.6756,10461441.0,00016
2026-02-10,175.6363,172.9549,175.6363,170.4075,5762078.0,00016
2026-02-11,174.2956,174.0275,175.6364,172.6867,4459665.0,00016
2026-02-12,175.2341,178.9882,178.9882,172.4186,8433057.0,00016
2026-02-13,178.9882,179.2563,181.9378,176.843,9794200.0,00016
2026-02-16,179.7926,179.7926,179.7926,179.7926,0.0,00016
2026-02-20,183.4126,181.9378,184.7533,181.2674,6917500.0,00016
2026-02-23,184.6193,187.703,189.4459,184.6193,8894825.0,00016
2026-02-24,187.703,186.7645,190.2504,185.6919,7448187.0,00016
2026-02-25,183.6808,182.8763,187.4348,181.6697,10584906.0,00016
2026-02-26,188.1052,182.7422,189.7141,181.6697,9379564.0,00016
2026-02-27,182.7422,195.7474,196.4177,180.8652,15947880.0,00016
2026-03-02,195.7474,194.4066,199.5014,191.1889,10175990.0,00016
2026-03-03,194.4066,191.457,198.4289,190.5185,9631313.0,00016
2026-03-04,188.6415,187.0326,188.7756,182.7422,12051409.0,00016
2026-03-05,189.0437,191.5911,194.9429,189.0437,8508299.0,00016
2026-03-06,189.8482,190.3844,192.5296,187.703,9543987.0,00016
2026-03-09,181.1334,183.5467,185.96,175.3682,16396335.0,00016
2026-03-10,186.7645,187.0326,188.6415,185.1556,7087515.0,00016
2026-03-11,187.1406,184.8452,189.0309,184.0351,5548902.0,00016
2026-03-12,184.4402,180.1195,184.4402,177.9591,7572272.0,00016
2026-03-13,179.0393,176.0688,179.4443,174.5836,9432163.0,00016
2026-03-16,176.0688,178.7692,179.0393,174.1785,4714748.0,00016
2026-03-17,183.495,180.1195,185.2503,179.0393,4983147.0,00016
2026-03-18,180.9296,186.0604,187.6807,180.6596,7503158.0,00016
2026-03-19,181.7397,178.9043,184.3051,178.3642,5953955.0,00016
2026-03-20,173.6384,179.1743,179.9844,173.6384,11702915.0,00016
2026-03-23,174.1785,170.5329,174.8536,169.3177,8785802.0,00016
2026-03-24,172.6932,177.149,177.149,172.5582,4557747.0,00016
2026-03-25,179.3093,178.3642,180.2545,177.284,3223193.0,00016
2026-03-26,179.5794,176.3389,180.2545,174.5836,3470551.0,00016
2026-03-27,175.3937,173.9085,176.8789,172.5582,4375638.0,00016
2026-03-30,170.5329,172.9633,173.2333,169.7228,5556610.0,00016
2026-03-31,173.7734,174.4485,176.3389,172.6932,5243082.0,00016
2026-04-01,180.5245,181.7397,184.5752,180.5245,8027931.0,00016
2026-04-02,183.225,176.8789,183.225,174.9886,4791329.0,00016
2026-04-08,191.7314,186.7355,191.7314,184.0351,8360403.0,00016
2026-04-09,187.8157,186.6005,188.2208,184.7102,5391898.0,00016
2026-04-10,187.9507,187.2756,190.5162,186.1954,4520453.0,00016
2026-04-13,185.2503,183.36,185.7904,181.6047,2712937.0,00016
2026-04-14,186.6005,185.2503,186.8706,184.4402,3352607.0,00016
2026-04-15,190.6512,185.6554,190.6512,184.9803,4114198.0,00016
2026-04-16,184.8452,187.1406,187.4107,183.63,4442050.0,00016
2026-04-17,185.2503,179.5794,186.3305,178.7692,6548668.0,00016
2026-04-20,179.5794,183.09,184.3051,179.5794,3035831.0,00016
2026-04-21,183.09,186.8706,187.2756,182.8199,3986967.0,00016
2026-04-22,184.9803,186.3305,186.8706,183.7651,2263878.0,00016
2026-04-23,186.3305,185.3853,187.4107,183.36,2261272.0,00016
2026-04-24,183.63,184.8452,184.9803,181.8747,2214518.0,00016
2026-04-27,184.8452,184.1701,184.8452,181.8747,2488065.0,00016
2026-04-28,184.1701,184.9803,186.7355,184.1701,2703075.0,00016
2026-04-29,188.6258,189.0309,190.6512,186.4655,4692702.0,00016
2026-04-30,189.0309,183.36,189.0309,183.09,5727411.0,00016
2026-05-04,186.6005,186.7355,188.6258,185.7904,3125975.0,00016
2026-05-05,186.0604,187.1406,187.2756,183.9001,1974798.0,00016
2026-05-06,189.0309,197.4023,197.9424,187.5457,6513470.0,00016
2026-05-07,199.5626,194.4318,199.6977,193.7567,8156245.0,00016
2026-05-08,192.9466,191.0563,192.9466,187.0056,5255154.0,00016
2026-05-11,191.0563,193.4867,194.2968,189.571,4176322.0,00016
2026-05-12,196.1871,188.7609,196.1871,188.4908,4380613.0,00016
2026-05-13,188.8959,188.4908,189.0309,186.3305,3469518.0,00016
2026-05-14,193.0816,193.4867,194.8369,190.5162,4525375.0,00016
2026-05-15,194.4318,192.5415,195.2419,191.7314,3878563.0,00016
2026-05-18,192.5415,184.5752,192.5415,183.09,8334960.0,00016
2026-05-19,185.9254,183.495,186.1954,182.1448,4742713.0,00016
2026-05-20,187.8157,185.1153,187.8157,182.5499,4447296.0,00016
2026-05-21,185.9254,185.6554,187.6807,183.495,3746901.0,00016
2026-05-22,188.2208,187.1406,188.2208,185.3853,2750483.0,00016
2026-05-26,187.1406,182.4148,187.2756,182.0098,3834082.0,00016
2026-05-27,182.1448,178.3642,182.1448,175.9338,5121786.0,00016
2026-05-28,175.6637,176.0688,176.2038,172.5582,8869500.0,00016
2026-05-29,177.554,177.8241,178.3642,175.1236,14829078.0,00016
2026-06-01,175.5287,175.5287,177.014,173.2333,6946265.0,00016
2026-06-02,175.5287,172.6932,175.9338,169.5877,9696770.0,00016
2026-06-03,168.7776,167.6974,170.3979,166.7523,10341141.0,00016
2026-06-04,167.6974,167.0223,167.6974,164.7269,7130762.0,00016
2026-06-05,164.997,163.2417,166.8873,160.8113,7512970.0,00016
2026-06-08,159.8662,160.4062,161.7565,156.3556,8436314.0,00016
2026-06-09,160.4062,158.2459,160.4062,156.7606,4425501.0,00016
2026-06-10,156.7606,156.8957,158.921,153.7902,5762307.0,00016
2026-06-11,155.6805,155.5454,158.3809,153.5201,8876833.0,00016
2026-06-12,158.1109,157.9758,159.3261,156.6256,5516815.0,00016
2026-06-15,160.6763,161.4864,164.1869,158.786,7790572.0,00016
2026-06-16,158.651,157.8408,160.5413,156.7606,4944371.0,00016
2026-06-17,157.8408,154.7353,157.8408,153.9252,4363256.0,00016
2026-06-18,153.5201,152.1699,153.9252,149.0644,20626641.0,00016
2026-06-22,150.5496,153.3851,154.1952,150.5496,6110632.0,00016
2026-06-23,153.3851,150.8197,153.3851,148.1192,7859602.0,00016
2026-06-24,152.3049,153.5201,155.2754,151.3598,6572772.0,00016
2026-06-25,154.6003,157.8408,160.5413,153.9252,15528366.0,00016
2026-06-26,156.6256,154.1952,157.5708,152.98,7761518.0,00016
2026-06-29,155.8155,153.6551,157.1657,152.575,5836584.0,00016
2026-06-30,151.6298,151.6298,153.3851,150.2796,6330348.0,00016
2026-07-02,152.845,152.845,153.6551,150.9547,7424787.0,00016
2026-07-03,152.4399,155.6805,156.2205,151.6298,4646234.0,00016
2026-07-06,155.6805,155.4104,157.9758,154.4653,2954992.0,00016
2026-07-07,155.4104,153.115,155.8155,152.0349,3244214.0,00016
2026-07-08,150.6846,152.575,153.6551,150.6846,4351265.0,00016
2026-07-09,152.0349,155.5454,156.2205,151.2247,5113990.0,00016
2026-07-10,157.9758,159.3261,161.6214,157.4357,5026622.0,00016
2026-07-13,161.0814,157.9758,161.0814,156.6256,3866877.0,00016
2026-07-14,157.3007,158.5159,158.5159,154.8703,3015175.0,00016
2026-07-15,160.2712,165.132,165.5371,160.1362,7396764.0,00016
2026-07-16,166.6173,166.4822,169.7228,166.0772,5968340.0,00016
2026-07-17,168.5076,164.5919,172.2882,162.9717,6670236.0,00016
2026-07-20,166.0772,164.7269,167.4274,161.4864,3671185.0,00016
2026-07-21,167.1573,166.4822,167.9675,164.7269,3114922.0,00016
2026-07-22,164.862,165.4021,167.8325,164.1869,2991332.0,00016
2026-07-23,164.5919,166.0772,167.6974,164.5919,4206302.0,00016
2026-07-24,163.3767,162.9717,165.132,162.0265,3654593.0,00016
2026-07-27,164.1869,164.0518,165.4021,162.8366,2786023.0,00016
2026-07-28,164.0518,163.3767,164.997,160.6763,3350505.0,00016
2026-07-29,165.267,163.9168,165.9421,161.6214,3753890.0,00016
2026-07-30,161.2164,164.5919,164.7269,160.1362,3239024.0,00016
2026-07-31,164.5919,166.3472,167.2924,163.1067,5937509.0,00016
2026-08-03,168.1025,164.997,168.9126,163.5117,3003452.0,00016
2026-08-04,164.997,165.5371,169.0476,164.997,3322869.0,00016
2026-08-05,165.5371,164.3219,165.5371,163.5117,3992459.0,00016
2026-08-06,161.3514,156.6256,161.4864,154.7353,12855034.0,00016
2026-08-07,155.9505,155.8155,155.9505,151.6298,7101922.0,00016
2026-08-10,155.8155,157.5708,157.7058,153.6551,3535433.0,00016
2026-08-11,157.9758,157.1657,159.191,155.5454,4218703.0,00016
2026-08-12,157.1657,158.786,158.786,155.6805,4186034.0,00016
2026-08-13,157.3007,158.786,160.2712,156.7606,2514529.0,00016
2026-08-14,157.9758,157.3007,158.651,154.7353,1915805.0,00016
2026-08-17,157.3007,158.2459,159.3261,156.7606,2360017.0,00016
2026-08-18,157.1657,158.3809,158.5159,155.8155,2466771.0,00016
2026-08-19,159.3261,162.2965,162.4316,158.651,4264482.0,00016
2026-08-20,166.0772,168.3725,168.9126,163.6468,9619841.0,00016
2026-08-21,169.0476,173.0983,173.7734,169.0476,8674565.0,00016
2026-08-24,173.0983,170.5329,173.7734,170.1278,3661211.0,00016
2026-08-25,171.7481,168.7776,173.5034,167.9675,3327733.0,00016
2026-08-26,168.3725,168.2375,169.1827,166.4822,2718821.0,00016
2026-08-27,168.2375,166.7523,168.7776,165.8071,1845351.0,00016
2026-08-28,165.8071,164.5919,166.2122,163.7818,4686150.0,00016
2026-08-31,161.8915,156.8957,163.2417,155.2754,7912552.0,00016
2026-09-01,156.8957,153.3851,157.0307,152.575,5153791.0,00016
2026-09-02,150.5496,155.0054,155.1404,149.4694,8049822.0,00016
2026-09-03,156.2205,155.6805,157.4357,154.7353,4852410.0,00016
2026-09-04,158.2459,161.3514,163.1067,157.7058,8457514.0,00016
