date,open,close,high,low,volume,code
2020-01-02,226.5,221.2,226.66,220.975,4318908.0,000661
2020-01-03,230.0,236.0,236.685,228.045,9221810.0,000661
2020-01-06,235.055,237.815,245.25,235.015,7068414.0,000661
2020-01-07,238.87,244.89,245.135,237.0,4324886.0,000661
2020-01-08,242.15,244.175,245.5,240.05,2745116.0,000661
2020-01-09,245.0,244.2,246.47,241.55,3496568.0,000661
2020-01-10,245.4,248.0,250.04,243.56,4485428.0,000661
2020-01-13,246.85,246.93,249.99,245.75,3490562.0,000661
2020-01-14,246.0,234.15,246.495,234.0,7793644.0,000661
2020-01-15,234.885,243.35,245.495,234.35,4572236.0,000661
2020-01-16,244.0,244.255,246.0,239.005,3103770.0,000661
2020-01-17,245.5,246.5,251.48,243.8,4236128.0,000661
2020-01-20,249.72,256.555,257.5,247.76,3976130.0,000661
2020-01-21,256.0,255.85,263.0,253.16,3809910.0,000661
2020-01-22,256.55,258.5,260.43,251.7,3583700.0,000661
2020-01-23,259.985,249.09,261.5,246.525,4577448.0,000661
2020-02-03,226.0,224.1,238.975,224.1,8372768.0,000661
2020-02-04,227.655,235.5,237.0,226.16,6860366.0,000661
2020-02-05,235.95,233.275,236.85,229.195,7648314.0,000661
2020-02-06,233.95,239.0,243.73,231.15,7241456.0,000661
2020-02-07,238.5,236.255,241.58,232.85,5170096.0,000661
2020-02-10,235.805,233.625,235.805,229.44,5093542.0,000661
2020-02-11,233.995,241.915,243.3,232.74,5836242.0,000661
2020-02-12,241.0,241.75,242.54,237.0,4469538.0,000661
2020-02-13,240.135,234.65,240.49,232.6,5882202.0,000661
2020-02-14,234.9,231.225,235.19,229.005,6378300.0,000661
2020-02-17,230.495,231.72,232.115,227.05,7781154.0,000661
2020-02-18,231.895,232.675,235.495,228.775,6440310.0,000661
2020-02-19,232.5,236.09,238.0,228.0,7344588.0,000661
2020-02-20,237.755,245.31,246.75,235.065,8429052.0,000661
2020-02-21,243.13,244.5,246.62,241.6,5360846.0,000661
2020-02-24,241.9,236.285,243.485,234.595,7612956.0,000661
2020-02-25,232.5,236.29,239.105,231.785,6048036.0,000661
2020-02-26,232.75,236.0,237.73,231.45,5313484.0,000661
2020-02-27,237.5,242.15,246.2,235.005,6203750.0,000661
2020-02-28,241.03,242.0,254.0,239.5,9114096.0,000661
2020-03-02,243.5,243.0,248.34,234.14,7235198.0,000661
2020-03-03,245.79,257.1,257.5,243.545,8574890.0,000661
2020-03-04,256.95,256.46,256.975,252.55,4330200.0,000661
2020-03-05,255.0,266.05,267.25,253.895,6683560.0,000661
2020-03-06,265.495,264.0,272.2,262.5,4373366.0,000661
2020-03-09,259.555,255.5,263.975,253.355,5600544.0,000661
2020-03-10,254.955,257.05,259.57,249.39,4770468.0,000661
2020-03-11,256.5,257.18,261.5,255.04,3247296.0,000661
2020-03-12,253.95,243.54,253.95,242.0,6015140.0,000661
2020-03-13,230.01,241.995,245.0,228.39,5035014.0,000661
2020-03-16,242.0,227.015,244.3,225.75,5412134.0,000661
2020-03-17,229.04,230.1,234.94,222.14,6787652.0,000661
2020-03-18,233.0,229.09,239.3,228.055,5293756.0,000661
2020-03-19,226.55,224.45,234.0,217.25,7199070.0,000661
2020-03-20,227.5,235.0,237.075,223.75,5049012.0,000661
2020-03-23,228.5,230.95,234.75,225.5,3857102.0,000661
2020-03-24,235.0,240.19,240.305,233.5,4813172.0,000661
2020-03-25,245.0,251.45,251.56,242.555,5420512.0,000661
2020-03-26,250.0,256.47,257.8,248.96,4365138.0,000661
2020-03-27,274.5,265.5,276.3,264.25,8874908.0,000661
2020-03-30,265.0,266.0,270.5,259.94,4847342.0,000661
2020-03-31,267.75,274.075,274.6,266.855,4330926.0,000661
2020-04-01,273.0,265.09,274.345,264.5,4302840.0,000661
2020-04-02,265.505,266.735,266.98,262.045,3733914.0,000661
2020-04-03,265.06,267.83,272.25,265.06,3306202.0,000661
2020-04-07,271.1001,277.25,277.75,270.5,4219078.0,000661
2020-04-08,275.64,274.45,276.49,272.53,2657482.0,000661
2020-04-09,277.25,280.3,286.135,275.045,4888462.0,000661
2020-04-10,279.675,275.6351,285.84,272.69,3798586.0,000661
2020-04-13,275.675,280.625,284.2,273.5,2619602.0,000661
2020-04-14,285.0,283.505,285.44,276.5,3681556.0,000661
2020-04-15,283.41,279.865,285.25,279.29,3132062.0,000661
2020-04-16,277.9,281.45,282.5,275.79,2324514.0,000661
2020-04-17,282.21,277.945,282.97,276.935,2900750.0,000661
2020-04-20,276.055,274.945,279.485,272.78,3786432.0,000661
2020-04-21,274.75,273.0,278.325,270.015,3663478.0,000661
2020-04-22,278.54,293.5,297.98,275.605,8117792.0,000661
2020-04-23,293.42,292.48,296.3,289.94,3933848.0,000661
2020-04-24,292.5,287.79,293.5,286.5,3183502.0,000661
2020-04-27,290.505,299.3,305.5,290.375,5008572.0,000661
2020-04-28,299.22,300.5,302.89,296.55,3778278.0,000661
2020-04-29,300.05,296.67,302.49,295.74,2545272.0,000661
2020-04-30,299.05,298.0,299.495,289.94,4250520.0,000661
2020-05-06,294.5,305.945,307.305,292.5,5122776.0,000661
2020-05-07,305.0,305.0,306.7,301.645,2981988.0,000661
2020-05-08,304.5,305.96,309.94,304.005,2928414.0,000661
2020-05-11,305.5,305.0,307.385,300.9,3374034.0,000661
2020-05-12,304.0,313.5,315.695,302.505,4138684.0,000661
2020-05-13,312.6701,320.5001,322.4401,311.9401,3361464.0,000661
2020-05-14,320.505,321.525,324.7,318.55,2307278.0,000661
2020-05-15,322.5151,320.0151,324.3851,316.2501,3179464.0,000661
2020-05-18,321.665,331.13,332.99,317.51,4241386.0,000661
2020-05-19,333.0,332.075,337.755,329.3,2908266.0,000661
2020-05-20,332.5,326.73,336.0,322.825,3944836.0,000661
2020-05-21,325.055,330.93,334.49,325.055,2893254.0,000661
2020-05-22,329.1099,325.3249,330.0999,321.2749,3925924.0,000661
2020-05-25,324.94,326.0,328.39,320.0,2900104.0,000661
2020-05-26,332.0,335.5,340.35,330.85,3855192.0,000661
2020-05-27,335.54,327.4,337.45,325.325,3112304.0,000661
2020-05-28,327.0,324.97,328.335,315.44,3664610.0,000661
2020-05-29,324.57,330.5,333.3,323.255,2692640.0,000661
2020-06-01,332.8251,334.275,336.9,329.635,3341794.0,000661
2020-06-02,332.435,331.0,333.25,328.1401,2541982.0,000661
2020-06-03,334.45,330.2,340.54,328.5,4424152.0,000661
2020-06-04,328.5,332.32,332.95,324.515,3104466.0,000661
2020-06-05,333.265,340.07,341.1,332.05,3682916.0,000661
2020-06-08,341.105,333.24,341.89,330.7,8581440.0,000661
2020-06-09,333.5004,334.7322,340.6111,331.8579,3817959.0,000661
2020-06-10,335.5835,355.5034,356.9155,335.3331,6817121.0,000661
2020-06-11,356.4148,357.0457,360.2305,352.529,4140147.0,000661
2020-06-12,350.526,359.5996,360.551,350.526,3821004.0,000661
2020-06-15,356.4147,354.7322,360.0302,350.5259,3673764.0,000661
2020-06-16,356.7353,363.1549,365.6987,353.921,4006811.0,000661
2020-06-17,365.5185,376.4649,380.3707,361.7929,5560469.0,000661
2020-06-18,374.0612,376.565,378.2676,369.4343,3945980.0,000661
2020-06-19,376.6651,388.2826,389.2841,376.4648,4892316.0,000661
2020-06-22,389.5845,400.581,404.3066,389.5745,5624160.0,000661
2020-06-23,401.6627,424.6372,430.6261,401.6627,6648197.0,000661
2020-06-24,425.6387,418.2276,431.187,409.6146,7407489.0,000661
2020-06-29,421.1319,423.6256,430.6462,418.3277,5572310.0,000661
2020-06-30,428.7834,435.6637,435.7238,419.6296,5041712.0,000661
2020-07-01,435.9541,428.5129,450.6762,425.6386,7823736.0,000661
2020-07-02,428.5931,410.7062,429.3442,403.4854,11355464.0,000661
2020-07-03,406.6102,410.5861,413.6107,396.6151,7430404.0,000661
2020-07-06,408.6131,407.8219,409.4143,400.4809,8623518.0,000661
2020-07-07,402.2836,448.6031,448.6031,397.6066,14255870.0,000661
2020-07-08,450.6762,444.1564,459.6897,438.6582,8304302.0,000661
2020-07-09,442.6641,455.1529,460.1904,438.6682,7657358.0,000661
2020-07-10,451.6777,455.6837,463.9962,446.1394,6317722.0,000661
2020-07-13,455.6937,474.0112,476.515,455.6937,6777777.0,000661
2020-07-14,475.7138,487.7519,488.8135,470.3858,6981510.0,000661
2020-07-15,488.2025,501.2521,513.6507,488.0323,7903645.0,000661
2020-07-16,501.3022,471.2571,503.7458,467.7017,10611132.0,000661
2020-07-17,467.7017,487.7318,490.7363,464.7473,7266435.0,000661
2020-07-20,490.7263,475.8139,495.4434,464.6972,7320948.0,000661
2020-07-21,472.6091,479.9902,484.6271,466.7103,5298400.0,000661
2020-07-22,479.7198,488.4629,498.548,476.9056,5561354.0,000661
2020-07-23,480.7313,480.521,494.7423,477.2861,7501177.0,000661
2020-07-24,480.7013,447.6717,480.7013,441.6427,9918018.0,000661
2020-07-27,450.7263,454.9526,458.3878,449.6747,5101184.0,000661
2020-07-28,456.6852,461.1619,464.6972,449.4043,5158495.0,000661
2020-07-29,461.6928,503.9762,504.2165,461.6928,12061028.0,000661
2020-07-30,504.2766,498.6983,513.821,496.2446,8078114.0,000661
2020-07-31,495.7438,498.548,502.7443,485.7388,6228670.0,000661
2020-08-03,507.7619,496.7654,508.4028,490.536,6386651.0,000661
2020-08-04,496.7454,499.7699,514.2717,492.7394,6543505.0,000661
2020-08-05,493.841,499.2491,505.7588,487.7318,4862003.0,000661
2020-08-06,497.7468,492.2886,502.3738,489.7348,4785545.0,000661
2020-08-07,491.7378,484.6171,499.5495,472.8194,5633011.0,000661
2020-08-10,480.7213,489.1439,495.7438,469.7048,4856199.0,000661
2020-08-11,485.7488,487.4013,498.7483,485.7388,3786513.0,000661
2020-08-12,487.6116,476.575,490.536,465.6987,5256523.0,000661
2020-08-13,476.6151,451.227,479.159,448.9736,8003145.0,000661
2020-08-14,448.6732,452.9796,458.2476,439.2791,6799223.0,000661
2020-08-17,458.5581,457.6467,458.6682,447.0408,4206861.0,000661
2020-08-18,455.7839,467.9822,469.7048,454.5821,4083470.0,000661
2020-08-19,467.201,449.3743,467.201,448.8835,4572910.0,000661
2020-08-20,451.6777,449.4744,459.6997,444.9476,4026501.0,000661
2020-08-21,455.6837,446.6802,458.8685,442.8645,4156438.0,000661
2020-08-24,446.4699,441.6627,447.4714,433.6507,4775122.0,000661
2020-08-25,441.6627,448.3227,457.5665,439.6997,4727967.0,000661
2020-08-26,451.858,451.4273,466.9106,450.6762,5624150.0,000661
2020-08-27,452.6792,454.4919,454.562,441.9231,3640316.0,000661
2020-08-28,454.6822,462.7142,465.6687,450.6762,5000717.0,000661
2020-08-31,469.845,468.5029,477.216,461.7028,5773904.0,000661
2020-09-01,468.7033,469.0037,479.5996,465.849,4473416.0,000661
2020-09-02,469.8049,458.3177,473.1098,455.6837,4808170.0,000661
2020-09-03,458.1874,450.9866,459.5395,448.7232,5052756.0,000661
2020-09-04,441.0118,434.6522,445.6687,427.8219,6660274.0,000661
2020-09-07,433.5806,406.5901,436.9857,405.7188,9519565.0,000661
2020-09-08,410.4759,423.2851,424.0162,407.0608,5783435.0,000661
2020-09-09,415.9741,411.8579,420.6311,407.6116,3595411.0,000661
2020-09-10,416.7854,411.7178,427.5515,410.8164,3559264.0,000661
2020-09-11,409.6046,413.5105,416.1744,406.6001,3272344.0,000661
2020-09-14,417.226,372.1784,418.5179,372.1784,14970342.0,000661
2020-09-15,373.5705,383.9461,389.1839,357.5665,13985039.0,000661
2020-09-16,373.5505,361.7628,377.216,351.0367,15116442.0,000661
2020-09-17,355.6436,363.5555,368.5329,355.6436,6069837.0,000661
2020-09-18,362.544,361.5625,367.4514,347.5215,8043921.0,000661
2020-09-21,369.7348,366.3698,376.0643,364.557,6729041.0,000661
2020-09-22,360.9516,369.5345,375.7939,360.8515,4563170.0,000661
2020-09-23,370.0052,379.209,385.5285,366.55,8107234.0,000661
2020-09-24,376.565,370.3857,378.568,368.603,4080995.0,000661
2020-09-25,370.566,366.1694,372.559,364.1764,3141382.0,000661
2020-09-28,366.55,366.5399,368.533,358.7182,4065419.0,000661
2020-09-29,367.5515,371.7478,375.5635,361.7528,3382418.0,000661
2020-09-30,375.3632,370.1454,383.5755,369.4443,4941329.0,000661
2020-10-09,375.5735,372.2185,379.4694,363.5455,5204758.0,000661
2020-10-12,372.2385,384.577,388.553,370.566,6960738.0,000661
2020-10-13,381.7528,398.6481,400.6011,379.5695,6845388.0,000661
2020-10-14,394.7022,386.8805,397.1659,386.5801,4766631.0,000661
2020-10-15,387.6917,384.4569,390.0853,382.3737,3177383.0,000661
2020-10-16,383.0247,378.1073,387.1809,372.559,3616589.0,000661
2020-10-19,379.5695,369.5444,380.571,368.3427,3117569.0,000661
2020-10-20,367.5515,371.1669,374.3617,365.6988,2506345.0,000661
2020-10-21,371.4574,370.6662,380.3608,368.5831,3113480.0,000661
2020-10-22,369.1639,361.893,371.4573,361.7127,4004242.0,000661
2020-10-23,363.0448,330.4759,363.9761,326.3597,11211425.0,000661
2020-10-26,325.4884,347.0007,350.1754,318.9886,7943644.0,000661
2020-10-27,351.5274,381.7428,381.7428,351.5274,10871091.0,000661
2020-10-28,386.58,378.0672,386.58,374.1113,5535428.0,000661
2020-10-29,377.5165,379.5695,382.6742,372.579,4638066.0,000661
2020-10-30,377.5665,375.0928,385.5785,373.3201,5193616.0,000661
2020-11-02,374.562,365.1479,377.5665,358.7382,6184217.0,000661
2020-11-03,371.5575,376.565,377.9371,366.6501,4283001.0,000661
2020-11-04,376.565,377.3462,380.561,367.5715,4535219.0,000661
2020-11-05,380.4709,368.553,384.7774,364.9276,7690500.0,000661
2020-11-06,367.5515,348.8234,367.5515,338.7783,10718553.0,000661
2020-11-09,348.523,354.7924,359.6597,344.3767,6880434.0,000661
2020-11-10,359.5495,347.5214,365.5485,346.9205,5312125.0,000661
2020-11-11,344.9976,343.6356,351.5274,337.1859,5187032.0,000661
2020-11-12,345.5284,350.6361,353.0297,344.5169,3881550.0,000661
2020-11-13,350.576,354.572,358.1173,345.6286,3896424.0,000661
2020-11-16,357.5364,357.3361,361.5224,346.5199,4579040.0,000661
2020-11-17,359.1188,351.3672,360.5409,349.7247,3400355.0,000661
2020-11-18,355.5235,347.7218,357.9671,345.899,3367514.0,000661
2020-11-19,345.0177,356.535,358.538,340.6311,4772773.0,000661
2020-11-20,356.7053,357.9271,360.4408,355.6537,3323969.0,000661
2020-11-23,357.5064,356.1244,359.5395,349.1239,3009455.0,000661
2020-11-24,358.0573,350.7263,359.5495,350.526,2486917.0,000661
2020-11-25,349.0437,343.5154,350.5159,343.5154,3067454.0,000661
2020-11-26,343.6656,337.897,347.1008,336.5149,2934296.0,000661
2020-11-27,338.9085,350.0452,351.217,331.1669,4701696.0,000661
2020-11-30,348.5329,367.1008,375.4734,345.6186,7845722.0,000661
2020-12-01,365.7388,382.1935,386.2596,365.6987,8289493.0,000661
2020-12-02,385.5785,378.3677,385.6586,376.0242,4153439.0,000661
2020-12-03,378.568,387.5715,391.5875,378.4478,5117974.0,000661
2020-12-04,387.5815,390.9866,392.2886,385.5985,3728008.0,000661
2020-12-07,388.5831,387.862,399.5495,386.6902,4124359.0,000661
2020-12-08,387.8619,388.583,391.0267,385.5785,2734823.0,000661
2020-12-09,388.1725,381.1219,389.5846,378.5681,3206457.0,000661
2020-12-10,381.2421,378.568,383.7058,373.4404,3831261.0,000661
2020-12-11,378.6181,374.8124,381.5726,372.8094,3720835.0,000661
2020-12-14,374.8024,378.568,382.0433,371.9481,3559580.0,000661
2020-12-15,377.5665,396.2546,403.5655,374.9626,6207068.0,000661
2020-12-16,400.561,404.8575,409.4944,399.0988,5033334.0,000661
2020-12-17,420.6311,440.0803,444.6371,420.6311,13462821.0,000661
2020-12-18,440.6612,449.0938,451.3773,433.9811,6091251.0,000661
2020-12-21,446.6702,445.7688,450.1754,444.6972,4049732.0,000661
2020-12-22,450.6762,441.5625,458.6682,440.4709,5223453.0,000661
2020-12-23,437.7568,434.0913,442.2134,428.6431,5297860.0,000661
2020-12-24,440.2506,418.7483,443.2551,417.6367,5281378.0,000661
2020-12-25,420.531,434.6522,436.535,419.4894,4415321.0,000661
2020-12-28,442.6642,434.502,443.6657,427.2411,3837787.0,000661
2020-12-29,435.6036,431.3473,437.857,428.1424,2607497.0,000661
2020-12-30,430.6461,440.6612,442.6642,429.6446,4301894.0,000661
2020-12-31,440.6612,449.5846,456.0643,440.6612,4856463.0,000661
2021-01-04,454.6822,474.1615,476.7153,450.6762,7103745.0,000661
2021-01-05,469.4043,477.7067,482.1134,461.9531,6398768.0,000661
2021-01-06,511.9882,510.3657,521.4423,502.4839,8890825.0,000661
2021-01-07,510.7764,504.8175,514.3317,497.7669,6090338.0,000661
2021-01-08,515.7739,511.9181,519.3792,501.8329,5853927.0,000661
2021-01-11,514.7023,491.3473,515.7739,487.832,7004286.0,000661
2021-01-12,484.7373,504.9777,505.7589,478.7283,5519865.0,000661
2021-01-13,502.7443,488.7233,503.7258,483.826,4814594.0,000661
2021-01-14,487.6116,465.208,487.6116,464.7072,4932472.0,000661
2021-01-15,465.4984,474.6922,478.7082,465.4984,4154763.0,000661
2021-01-18,469.7148,474.8324,482.1134,456.1444,3859481.0,000661
2021-01-19,474.8425,451.6777,475.7138,448.7233,5593116.0,000661
2021-01-20,451.888,459.89,461.6727,438.6582,4749536.0,000661
2021-01-21,460.6912,461.9631,472.8895,459.6897,4647092.0,000661
2021-01-22,461.6927,467.7018,471.7078,454.5721,5541266.0,000661
2021-01-25,467.7819,493.1199,497.0758,467.7819,6073132.0,000661
2021-01-26,493.841,470.8465,496.3848,467.2912,4928353.0,000661
2021-01-27,468.7133,481.5025,490.1354,468.7033,4607242.0,000661
2021-01-28,475.5135,458.8685,475.5135,456.6852,3464496.0,000661
2021-01-29,462.6943,455.3032,473.5105,449.6747,3553936.0,000661
2021-02-01,456.565,453.9311,465.6987,450.6762,3138544.0,000661
2021-02-02,459.6897,478.4179,488.7333,454.6822,5014969.0,000661
2021-02-03,480.7914,489.865,495.7438,478.7183,4615450.0,000661
2021-02-04,486.8906,477.7168,493.841,470.8665,4018794.0,000661
2021-02-05,480.8314,487.3512,496.7653,480.8314,5167528.0,000661
2021-02-08,489.9251,507.211,508.9436,489.875,6025362.0,000661
2021-02-09,503.2251,508.6733,508.7634,495.7439,5217241.0,000661
2021-02-10,507.7619,495.2631,512.0884,488.7333,6952924.0,000661
2021-02-18,507.5615,470.7063,511.5676,468.6331,7493912.0,000661
2021-02-19,468.7033,463.6958,473.6007,453.6807,4604521.0,000661
2021-02-22,463.6957,439.6897,464.2966,438.6582,5590705.0,000661
2021-02-23,434.6421,440.4609,452.4989,431.6476,4108226.0,000661
2021-02-24,442.6642,418.9486,445.6687,413.6106,5168969.0,000661
2021-02-25,426.7604,429.1439,442.9847,425.2281,5490616.0,000661
2021-02-26,418.5079,421.5525,430.6261,412.1184,3937155.0,000661
2021-03-01,428.6432,437.7468,438.6181,417.6266,4584376.0,000661
2021-03-02,441.6627,419.3992,441.6627,416.5149,4383646.0,000661
2021-03-03,419.4994,437.5565,439.6596,413.5004,4212657.0,000661
2021-03-04,430.8665,425.5686,434.6422,422.4038,3226163.0,000661
2021-03-05,412.8194,422.8144,429.0437,410.6161,2931183.0,000661
2021-03-08,430.6462,408.5129,434.6421,406.8104,5290211.0,000661
2021-03-09,408.6131,404.6071,419.5094,391.5775,5207563.0,000661
2021-03-10,415.6337,417.2561,423.6357,413.6006,3753090.0,000661
2021-03-11,416.4548,435.7638,439.2591,414.4218,4720858.0,000661
2021-03-12,430.6161,436.1544,438.518,417.9972,4860751.0,000661
2021-03-15,435.6337,405.1079,436.6352,398.3677,5413410.0,000661
2021-03-16,410.2055,405.2681,417.2861,400.6011,3223616.0,000661
2021-03-17,405.2581,401.6026,408.0322,391.888,4107409.0,000661
2021-03-18,405.4784,413.8209,417.1259,401.1119,4665675.0,000661
2021-03-19,406.1093,390.1954,410.6161,386.6401,4965547.0,000661
2021-03-22,388.5831,387.842,398.7283,378.5781,4140171.0,000661
2021-03-23,385.3983,393.3903,403.9061,382.1034,3993631.0,000661
2021-03-24,389.244,398.548,404.1564,387.5815,3494971.0,000661
2021-03-25,397.5966,420.6311,427.221,393.921,5940479.0,000661
2021-03-26,425.6386,437.5365,442.2536,423.6356,5235120.0,000661
2021-03-29,437.5365,442.0834,444.8875,434.7623,3317480.0,000661
2021-03-30,454.6822,461.192,470.2156,447.4614,7138033.0,000661
2021-03-31,458.6882,453.4103,463.6958,445.869,3632445.0,000661
2021-04-01,457.3362,469.0037,472.6592,453.4704,3198247.0,000661
2021-04-02,469.0037,456.8054,470.6962,455.6837,3684625.0,000661
2021-04-06,462.7042,454.4719,466.7002,449.7848,2442028.0,000661
2021-04-07,452.1384,453.4804,454.1414,444.6672,2579711.0,000661
2021-04-08,450.6762,455.6837,460.6912,445.1179,2250209.0,000661
2021-04-09,453.6907,451.3272,455.1429,443.9461,2051739.0,000661
2021-04-12,451.2671,440.0503,454.5721,438.9486,2760635.0,000661
2021-04-13,442.544,445.258,455.1629,440.9816,2649076.0,000661
2021-04-14,442.8745,447.7118,452.3488,438.9987,2357250.0,000661
2021-04-15,443.8259,450.6161,450.7764,434.6722,2423138.0,000661
2021-04-16,448.6632,436.0343,449.815,430.8665,3192820.0,000661
2021-04-19,435.6536,467.7718,470.546,433.7007,4936501.0,000661
2021-04-20,467.8119,475.203,475.203,462.7243,2881792.0,000661
2021-04-21,470.7063,479.5796,481.5225,466.7103,2548021.0,000661
2021-04-22,479.5295,473.1098,483.3152,468.7833,2123708.0,000661
2021-04-23,472.6592,480.8916,483.195,471.207,2513400.0,000661
2021-04-26,485.7288,485.7288,503.4153,478.9987,5834161.0,000661
2021-04-27,487.7418,498.7183,502.6442,483.7659,3490651.0,000661
2021-04-28,495.7539,501.2521,502.9747,489.5746,2961194.0,000661
2021-04-29,504.2065,496.8054,504.2065,485.228,2186286.0,000661
2021-04-30,500.2506,498.3477,505.7088,493.3202,2338029.0,000661
2021-05-06,492.7494,478.8285,495.2431,478.488,3228050.0,000661
2021-05-07,485.7087,466.7002,487.5114,465.8189,2953766.0,000661
2021-05-10,470.7063,468.7033,482.2736,462.2936,2176983.0,000661
2021-05-11,464.0363,489.6447,492.1384,464.0163,2976520.0,000661
2021-05-12,489.7849,494.0413,497.156,487.1309,2121093.0,000661
2021-05-13,487.7518,497.7368,498.7484,487.7518,2146987.0,000661
2021-05-14,500.0102,517.6767,519.0087,498.8284,4832658.0,000661
2021-05-17,516.9657,520.7814,523.7859,508.533,4246320.0,000661
2021-05-18,515.7839,502.2536,517.7769,500.9817,3015708.0,000661
2021-05-19,503.5576,506.9581,508.5531,496.9873,2072557.0,000661
2021-05-20,510.6395,507.6803,516.8688,505.0622,3837623.0,000661
2021-05-21,501.5514,456.9134,508.5731,456.9134,17343600.0,000661
2021-05-24,444.6755,430.5518,445.3777,420.6311,18087102.0,000661
2021-05-25,425.5363,434.8852,436.751,418.2838,12427654.0,000661
2021-05-26,437.3528,429.9901,437.3528,424.1921,7708812.0,000661
2021-05-27,429.2277,417.8024,429.2277,415.5454,11241264.0,000661
2021-05-28,417.8325,401.2412,419.1967,397.3993,14399128.0,000661
2021-05-31,405.8755,411.884,417.7422,401.2411,10243136.0,000661
2021-06-01,415.2846,433.3404,434.4439,412.3856,11956302.0,000661
2021-06-02,454.8168,446.6014,466.4428,444.9363,13674441.0,000661
2021-06-03,440.974,433.3404,446.3507,432.4778,6767232.0,000661
2021-06-04,431.3041,432.7987,433.2301,421.4035,4519188.0,000661
2021-06-07,433.3404,425.8172,435.0056,424.463,4137266.0,000661
2021-06-08,425.5162,408.2628,425.5162,404.2504,12206215.0,000661
2021-06-09,408.3832,412.2652,422.2962,408.3731,5354641.0,000661
2021-06-10,412.2652,412.7267,419.3572,409.4465,5018071.0,000661
2021-06-11,413.0577,408.2428,413.9304,402.7458,5291765.0,000661
2021-06-15,408.0622,409.7274,413.4489,403.4279,4048222.0,000661
2021-06-16,409.7274,401.6123,411.2019,399.586,4005304.0,000661
2021-06-17,404.2504,395.0821,407.0491,392.7348,4657135.0,000661
2021-06-18,397.1084,397.1284,404.2404,393.4872,4594036.0,000661
2021-06-21,393.2063,386.1946,394.5504,381.1791,6779325.0,000661
2021-06-22,388.7124,397.5698,397.6701,374.9598,9214436.0,000661
2021-06-23,403.4981,394.2194,406.5576,386.2447,8092321.0,000661
2021-06-24,392.2232,390.4578,393.2163,384.4492,5607168.0,000661
2021-06-25,391.2101,399.7365,405.1131,390.2271,6225329.0,000661
2021-06-28,402.2443,398.5428,403.5082,395.2226,5170988.0,000661
2021-06-29,398.603,386.5156,400.2381,385.1915,5792488.0,000661
2021-06-30,388.0303,388.2008,390.207,381.1891,4085187.0,000661
2021-07-01,388.1808,388.5619,391.2202,383.1853,3599415.0,000661
2021-07-02,386.1946,372.1512,386.2147,370.807,6680513.0,000661
2021-07-05,370.1449,356.6632,370.3155,354.1053,8719736.0,000661
2021-07-06,359.1108,361.6788,365.5307,354.8376,6271037.0,000661
2021-07-07,358.1178,365.6711,368.7808,356.1015,4196590.0,000661
2021-07-08,369.1419,379.2832,389.7757,368.8008,7357498.0,000661
2021-07-09,376.1636,382.7038,384.8806,366.9451,4978226.0,000661
2021-07-12,383.3357,386.7763,388.2208,376.1736,4510729.0,000661
2021-07-13,384.1884,378.8118,386.3451,377.1667,3747635.0,000661
2021-07-14,373.1643,394.711,399.235,373.1543,8566755.0,000661
2021-07-15,391.8621,393.4871,395.0319,385.5727,3877834.0,000661
2021-07-16,393.4972,380.8782,396.025,380.176,4068519.0,000661
2021-07-19,393.0859,413.178,415.2745,393.0859,10666630.0,000661
2021-07-20,409.0453,410.2791,414.8834,404.5313,4435769.0,000661
2021-07-21,409.266,406.2165,410.2791,403.2474,5310703.0,000661
2021-07-22,405.7551,380.838,406.056,375.1605,10752482.0,000661
2021-07-23,378.1698,366.9149,378.1698,363.6147,6297032.0,000661
2021-07-26,364.1063,334.6451,364.1063,330.6829,11084271.0,000661
2021-07-27,331.2246,303.9201,333.9931,302.937,12797187.0,000661
2021-07-28,303.8198,311.8947,311.8947,294.5912,10425552.0,000661
2021-07-29,318.9867,310.35,325.0254,308.9757,8512992.0,000661
2021-07-30,305.9464,306.7088,312.8277,289.0742,9983671.0,000661
2021-08-02,301.4324,307.4209,309.7381,290.8998,9963091.0,000661
2021-08-03,302.9371,318.766,323.922,301.0312,9260154.0,000661
2021-08-04,319.9797,308.1833,319.9797,306.7789,8155173.0,000661
2021-08-05,277.378,277.368,282.8349,277.368,26992271.0,000661
2021-08-06,270.8277,278.9027,279.5447,264.8191,17898536.0,000661
2021-08-09,277.8595,290.1475,290.4886,275.8533,12605962.0,000661
2021-08-10,292.8759,300.1885,301.9339,291.9731,10184995.0,000661
2021-08-11,300.9308,292.1938,301.9339,292.1838,6512483.0,000661
2021-08-12,296.2063,293.6082,300.8305,290.95,6343233.0,000661
2021-08-13,292.8659,309.1362,310.8516,287.4893,11381105.0,000661
2021-08-16,303.1577,309.9588,320.7923,303.1577,10565844.0,000661
2021-08-17,307.9526,295.785,311.2227,293.9092,8353073.0,000661
2021-08-18,297.9316,284.7809,298.4331,283.8781,7686356.0,000661
2021-08-19,287.8103,285.8843,293.4076,282.3433,6011010.0,000661
2021-08-20,280.8688,271.7205,282.3735,269.4334,10399232.0,000661
2021-08-23,275.5323,272.4026,277.2576,269.0222,7177483.0,000661
2021-08-24,273.9674,275.452,278.6318,269.8346,6309263.0,000661
2021-08-25,275.8633,277.9497,283.6774,275.2614,6526975.0,000661
2021-08-26,280.6682,265.6818,281.6613,264.6185,8598481.0,000661
2021-08-27,264.8593,258.5698,268.2297,257.7974,9140403.0,000661
2021-08-30,258.5798,257.3159,260.7766,249.7726,9628804.0,000661
2021-08-31,257.8677,256.032,261.7998,250.866,6275680.0,000661
2021-09-01,254.2866,263.3145,266.3138,249.6723,9382271.0,000661
2021-09-02,263.796,242.4801,263.8161,241.4168,13649400.0,000661
2021-09-03,240.7447,242.8612,246.7633,235.3881,8438578.0,000661
2021-09-06,243.2524,261.8199,264.3176,240.7447,11873836.0,000661
2021-09-07,262.8129,256.8445,263.2944,253.1932,6969931.0,000661
2021-09-08,257.3159,251.5882,259.1015,249.7626,5919223.0,000661
2021-09-09,253.1631,248.7595,253.6847,246.7633,4736982.0,000661
2021-09-10,248.7595,246.4824,252.2101,244.6869,5818093.0,000661
2021-09-13,248.7193,246.4323,252.7318,244.0048,6380285.0,000661
2021-09-14,247.6862,245.1884,251.4077,244.1552,6656703.0,000661
2021-09-15,245.1884,237.3843,245.1884,236.2508,8521773.0,000661
2021-09-16,237.7354,239.24,245.1985,236.2809,6745673.0,000661
2021-09-17,237.7053,243.9245,251.7788,231.3957,11254688.0,000661
2021-09-22,239.24,234.7963,241.2462,234.5756,6594310.0,000661
2021-09-23,235.5988,242.1992,245.2586,234.7261,6340031.0,000661
2021-09-24,240.845,252.7317,256.2928,239.7416,11152392.0,000661
2021-09-27,255.7912,265.4812,273.3656,253.785,13996867.0,000661
2021-09-28,265.4812,267.6278,270.7274,256.8946,7837463.0,000661
2021-09-29,262.813,266.1834,271.6303,262.3114,5837234.0,000661
2021-09-30,265.0198,275.5122,276.8564,265.0198,8771739.0,000661
2021-10-08,272.5431,289.0441,294.3104,266.725,14143154.0,000661
2021-10-11,287.4492,296.5172,302.0744,285.8743,10055537.0,000661
2021-10-12,296.3667,294.4107,301.8136,290.9801,6989411.0,000661
2021-10-13,295.0126,313.9913,315.9774,295.0126,9876529.0,000661
2021-10-14,315.9974,307.451,318.5854,301.9339,7551060.0,000661
2021-10-15,304.7426,289.0642,304.7426,276.8062,14508930.0,000661
2021-10-18,283.8781,278.662,289.6961,275.8533,9211132.0,000661
2021-10-19,280.7685,281.3703,285.0818,276.3649,5523808.0,000661
2021-10-20,281.1496,282.3634,286.436,275.9536,3841775.0,000661
2021-10-21,282.3634,280.0663,284.8712,278.1805,3512322.0,000661
2021-10-22,280.949,285.2824,287.3789,280.2469,4698250.0,000661
2021-10-25,284.3796,286.115,288.4021,280.8688,4169959.0,000661
2021-10-26,287.5494,284.8812,288.2917,284.5,3131964.0,000661
2021-10-27,280.8488,270.898,284.5402,270.7174,7821601.0,000661
2021-10-28,271.3594,272.8339,280.277,269.4134,5569908.0,000661
2021-10-29,271.4296,273.6063,277.3579,264.1872,5019758.0,000661
2021-11-01,277.8595,261.3584,278.7021,251.3274,11409831.0,000661
2021-11-02,258.9009,262.6123,267.7482,257.8978,5786546.0,000661
2021-11-03,262.3615,264.5383,265.8122,258.4595,4246540.0,000661
2021-11-04,264.5483,282.5741,282.9051,261.9603,8414630.0,000661
2021-11-05,283.1358,286.737,291.0001,279.0131,7221823.0,000661
2021-11-08,285.2022,276.6658,291.8428,275.8533,6229208.0,000661
2021-11-09,274.5994,273.9173,277.4081,271.6402,3914244.0,000661
2021-11-10,275.763,284.7107,286.446,272.3424,6159960.0,000661
2021-11-11,281.0594,271.6001,281.0594,270.8578,8066584.0,000661
2021-11-12,270.5268,262.8129,270.5268,259.1115,7823819.0,000661
2021-11-15,262.8129,265.1702,266.6247,259.292,3672283.0,000661
2021-11-16,265.1802,283.9182,285.3226,265.1802,10803254.0,000661
2021-11-17,285.8844,291.7023,295.9053,281.1898,9428496.0,000661
2021-11-18,289.8967,289.7562,293.9091,285.9043,4904275.0,000661
2021-11-19,286.9476,284.8912,289.6058,282.0825,4528688.0,000661
2021-11-22,283.9784,283.8781,286.4661,278.8425,4998760.0,000661
2021-11-23,283.6273,292.906,293.9091,281.8518,7134170.0,000661
2021-11-24,307.451,298.2224,312.968,296.1661,10300845.0,000661
2021-11-25,298.9246,297.9918,302.8267,294.9122,4631540.0,000661
2021-11-26,301.0813,292.9361,305.9464,292.906,4746317.0,000661
2021-11-29,293.9091,288.4222,298.5033,286.2956,5036193.0,000661
2021-11-30,288.4222,284.2593,289.4052,281.8719,4170761.0,000661
2021-12-01,284.6806,282.4035,285.8241,279.966,2911785.0,000661
2021-12-02,281.4606,281.2801,284.7408,279.9861,2848839.0,000661
2021-12-03,281.3903,290.8897,292.0032,281.1496,5216407.0,000661
2021-12-06,288.7331,281.2299,289.3851,280.8688,4225384.0,000661
2021-12-07,281.9622,275.9335,284.0887,273.817,4486888.0,000661
2021-12-08,275.9335,288.693,288.693,274.2483,6445257.0,000661
2021-12-09,288.7933,304.1408,305.9463,285.1821,10834360.0,000661
2021-12-10,300.9308,299.5265,303.89,296.467,5598893.0,000661
2021-12-13,299.5766,302.6361,307.5613,299.5766,4950966.0,000661
2021-12-14,302.2349,304.0204,309.8585,301.5327,5096821.0,000661
2021-12-15,303.5289,302.4857,310.9619,301.5528,5656993.0,000661
2021-12-16,300.6299,305.2843,305.9363,294.9122,4805508.0,000661
2021-12-17,303.9301,291.4014,305.7458,290.8999,4876019.0,000661
2021-12-20,291.4014,285.3827,294.8721,283.4768,4202991.0,000661
2021-12-21,286.7871,289.8967,291.612,285.2423,2903963.0,000661
2021-12-22,289.9268,288.1614,291.8026,285.3828,2312587.0,000661
2021-12-23,286.8874,286.8373,287.8905,285.2825,2146914.0,000661
2021-12-24,286.7469,284.1589,288.2817,277.4783,4157961.0,000661
2021-12-27,285.152,278.5416,285.6436,275.9636,4394055.0,000661
2021-12-28,278.8626,282.7345,283.2762,277.2576,3291674.0,000661
2021-12-29,282.8549,276.0338,286.1752,275.8533,5187607.0,000661
2021-12-30,273.6966,272.202,277.2576,269.8848,5313614.0,000661
2021-12-31,271.8409,272.2421,274.138,270.3362,3883323.0,000661
2022-01-04,272.2622,271.5099,273.0747,265.8323,4090344.0,000661
2022-01-05,270.8377,273.0747,274.9304,269.8848,4272326.0,000661
2022-01-06,272.6433,263.8762,272.7938,262.1108,5412617.0,000661
2022-01-07,264.779,261.85,266.5044,261.0074,3712267.0,000661
2022-01-10,261.0174,269.8347,269.8547,258.3792,3740975.0,000661
2022-01-11,267.8285,264.4881,269.2629,263.7157,2636668.0,000661
2022-01-12,264.4881,268.7312,270.4365,264.4279,2524323.0,000661
2022-01-13,269.3231,262.8932,271.3393,261.9904,2875163.0,000661
2022-01-14,261.0174,255.2194,262.1108,253.795,4195155.0,000661
2022-01-17,256.4733,257.3159,260.0845,253.1631,2990790.0,000661
2022-01-18,257.3059,253.6747,257.326,251.4578,3384382.0,000661
2022-01-19,252.6716,228.3062,253.5844,228.3062,12231479.0,000661
2022-01-20,205.4756,205.4756,205.4756,205.4756,4203400.0,000661
2022-01-21,184.932,184.932,184.932,184.932,3994800.0,000661
2022-01-24,172.644,171.7713,180.5585,166.4348,49871871.0,000661
2022-01-25,167.5984,164.6192,170.9287,164.5089,21269456.0,000661
2022-01-26,165.6123,168.6918,170.4874,159.7541,18453661.0,000661
2022-01-27,169.0027,170.3569,172.0823,166.0235,17963426.0,000661
2022-01-28,168.5213,175.0916,185.4135,165.522,17606047.0,000661
2022-02-07,170.6278,165.512,172.4133,163.5058,15369436.0,000661
2022-02-08,164.3183,165.6524,166.0135,162.1014,8189120.0,000661
2022-02-09,165.512,166.8662,167.3476,163.5258,8128047.0,000661
2022-02-10,166.7057,165.7627,169.3037,165.0907,7483624.0,000661
2022-02-11,164.7998,165.211,168.0799,164.238,7224278.0,000661
2022-02-14,164.6493,164.0575,166.4549,161.4996,6293578.0,000661
2022-02-15,164.0675,174.7405,177.3486,163.7164,15400424.0,000661
2022-02-16,175.3424,173.0754,176.2051,172.0322,8798499.0,000661
2022-02-17,172.7343,171.2999,174.4195,170.8886,5663238.0,000661
2022-02-18,170.1262,174.2991,174.9813,169.3037,6280420.0,000661
2022-02-21,172.5738,175.5631,176.0445,171.5306,7081708.0,000661
2022-02-22,177.3185,184.6211,189.4761,174.0383,17074222.0,000661
2022-02-23,184.4004,185.7044,189.125,182.7954,10535897.0,000661
2022-02-24,186.3765,187.9414,193.4785,182.8155,16349740.0,000661
2022-02-25,189.5864,190.409,192.2246,185.584,10580059.0,000661
2022-02-28,189.0347,182.6149,190.0378,179.5554,11005184.0,000661
2022-03-01,181.1202,183.317,185.9351,181.1202,6254807.0,000661
2022-03-02,181.5616,182.0632,185.3734,179.0538,5334698.0,000661
2022-03-03,182.5647,179.726,184.1697,179.2746,5723823.0,000661
2022-03-04,177.5492,180.2777,186.0555,177.4289,8629040.0,000661
2022-03-07,179.8664,173.286,179.8864,170.8284,8410912.0,000661
2022-03-08,175.7436,164.6092,177.3085,163.3854,9373993.0,000661
2022-03-09,165.7828,160.8475,166.5151,152.4716,9224400.0,000661
2022-03-10,165.4518,176.9373,176.9373,164.1076,12804608.0,000661
2022-03-11,183.5678,191.4923,193.5588,180.5786,25739571.0,000661
2022-03-14,188.3827,182.5747,188.5131,182.2237,11905170.0,000661
2022-03-15,180.057,177.0477,183.3873,176.5361,9396626.0,000661
2022-03-16,179.4551,176.5361,180.5585,167.1771,11307931.0,000661
2022-03-17,176.5461,177.0878,182.0531,170.5275,16303697.0,000661
2022-03-18,173.1355,173.1355,174.2991,170.5275,10437452.0,000661
2022-03-21,173.1355,176.9674,179.415,173.1355,9365012.0,000661
2022-03-22,175.543,173.7775,177.0276,172.5036,7034956.0,000661
2022-03-23,174.6402,173.8377,177.3787,170.5776,7776462.0,000661
2022-03-24,172.5538,174.9913,176.3455,170.5275,8088775.0,000661
2022-03-25,174.7405,167.2172,174.9411,167.1571,10301187.0,000661
2022-03-28,165.512,165.9433,167.1671,163.6362,4686783.0,000661
2022-03-29,166.5151,163.9572,168.3207,163.9572,3860681.0,000661
2022-03-30,164.4988,171.1394,171.4102,162.5227,8026456.0,000661
2022-03-31,170.5275,168.3708,172.8045,167.6185,5241017.0,000661
2022-04-01,166.4047,168.6717,169.5344,163.7264,4940577.0,000661
2022-04-06,168.6717,164.6092,172.0121,164.1177,6634046.0,000661
2022-04-07,166.2442,165.1709,170.8786,165.1107,7102085.0,000661
2022-04-08,165.2211,161.951,166.1439,161.0983,5681794.0,000661
2022-04-11,160.6168,156.6445,161.4293,155.491,5666015.0,000661
2022-04-12,156.6445,162.1516,162.2519,154.9292,5328060.0,000661
2022-04-13,161.4996,162.2318,164.6593,159.8846,5022588.0,000661
2022-04-14,162.5026,161.2989,165.8129,161.1685,5796815.0,000661
2022-04-15,159.4933,158.2395,160.2858,156.9856,4669817.0,000661
2022-04-18,157.4671,155.1399,157.4671,154.6784,4405467.0,000661
2022-04-19,155.17,152.7224,155.812,152.4716,4846183.0,000661
2022-04-20,152.7826,154.1368,156.484,147.5364,7430204.0,000661
2022-04-21,151.8497,148.8504,153.3443,148.4592,4969527.0,000661
2022-04-22,147.5063,147.6467,150.4654,146.8242,4739749.0,000661
2022-04-25,144.5371,135.5794,146.4329,135.4791,7144600.0,000661
2022-04-26,136.5925,136.3016,141.919,135.3486,7720533.0,000661
2022-04-27,134.4158,147.737,148.058,132.0685,10534177.0,000661
2022-04-28,155.3004,154.3675,158.8715,149.362,12428507.0,000661
2022-04-29,154.4979,157.5072,158.4903,151.8296,8055422.0,000661
2022-05-05,156.4339,158.2997,161.4895,155.4809,5634847.0,000661
2022-05-06,154.6785,153.4747,155.7919,151.619,5026569.0,000661
2022-05-09,152.1707,152.6321,153.8559,151.7695,2765104.0,000661
2022-05-10,150.4654,153.4146,153.7556,150.0241,4694399.0,000661
2022-05-11,154.3073,159.042,163.0343,153.8258,8118249.0,000661
2022-05-12,157.1461,160.2156,161.7303,157.0659,4368608.0,000661
2022-05-13,161.3993,156.785,161.9409,156.3035,4737934.0,000661
2022-05-16,158.4401,153.234,158.5103,152.9632,4227872.0,000661
2022-05-17,154.2371,151.8196,155.1399,150.4855,4375977.0,000661
2022-05-18,152.7726,150.5758,153.0735,150.4755,3316199.0,000661
2022-05-19,148.4592,149.2818,149.342,146.3527,5161588.0,000661
2022-05-20,151.9701,159.8545,160.1755,151.2679,11911170.0,000661
2022-05-23,164.5089,160.5767,164.5089,157.5574,8904507.0,000661
2022-05-24,160.346,154.5079,161.8005,154.4979,6894779.0,000661
2022-05-25,154.6383,152.3713,155.3606,151.2479,5111563.0,000661
2022-05-26,153.1036,151.4986,153.4346,150.2648,4452201.0,000661
2022-05-27,152.3613,152.1607,156.2633,151.6491,5700508.0,000661
2022-05-30,152.1707,159.714,163.7064,151.4986,11549906.0,000661
2022-05-31,160.4964,166.3947,166.7458,159.5937,10526588.0,000661
2022-06-01,166.8059,171.6911,173.617,166.3947,11520918.0,000661
2022-06-02,170.5275,169.6748,174.4396,168.8924,6415816.0,000661
2022-06-06,169.384,171.33,172.0221,168.7119,6310851.0,000661
2022-06-07,170.1262,173.3562,173.3963,169.6347,6338008.0,000661
2022-06-08,172.5237,175.1919,179.3347,170.5676,8970696.0,000661
2022-06-09,174.3354,171.2114,175.2222,170.6068,5005899.0,000661
2022-06-10,170.3045,176.8546,177.2074,168.7929,6596280.0,000661
2022-06-13,174.5369,178.3763,179.1724,173.8516,5744864.0,000661
2022-06-14,176.3508,176.7035,177.5399,170.9091,5561790.0,000661
2022-06-15,177.3081,186.5993,188.776,177.026,11189016.0,000661
2022-06-16,185.4203,193.1595,196.5052,185.39,11386726.0,000661
2022-06-17,190.9627,212.4775,212.4775,190.4588,17097812.0,000661
2022-06-20,214.4426,215.4604,229.3568,211.631,17936727.0,000661
2022-06-21,217.6673,216.6495,223.3911,213.193,11603083.0,000661
2022-06-22,215.0774,210.6132,218.6649,208.8296,9468286.0,000661
2022-06-23,210.6132,209.3032,213.1426,204.3352,8791048.0,000661
2022-06-24,210.6132,212.7798,219.4812,209.8373,9290797.0,000661
2022-06-27,212.024,219.8843,222.585,209.9078,8965947.0,000661
2022-06-28,218.4533,228.4398,231.7753,214.6744,9377850.0,000661
2022-06-29,228.2181,230.163,243.9788,225.7492,12055634.0,000661
2022-06-30,229.9917,235.2217,240.8448,229.5382,8167712.0,000661
2022-07-01,235.3527,230.8281,237.9527,226.1321,7472882.0,000661
2022-07-04,231.7753,237.9224,239.6255,228.7522,7055311.0,000661
2022-07-05,238.0333,236.038,240.6735,231.2009,6952262.0,000661
2022-07-06,235.7961,226.0313,237.3077,224.812,10199495.0,000661
2022-07-07,227.5429,224.8321,228.7522,221.6981,5710350.0,000661
2022-07-08,226.7367,224.6306,229.6289,223.9353,4643862.0,000661
2022-07-11,224.6205,221.4966,230.2234,219.2796,6398591.0,000661
2022-07-12,221.4664,214.1403,223.5322,214.0798,6437541.0,000661
2022-07-13,214.6441,216.0549,221.3757,214.3015,6246634.0,000661
2022-07-14,215.3999,217.9595,221.5268,214.1,6312951.0,000661
2022-07-15,215.8836,211.3992,219.985,210.1295,5805178.0,000661
2022-07-18,211.621,210.4117,213.3542,207.9025,5305664.0,000661
2022-07-19,210.6132,211.3489,213.6263,208.3962,4227316.0,000661
2022-07-20,212.4876,210.8652,214.4426,209.5652,4583346.0,000661
2022-07-21,210.845,210.4318,213.9891,209.1016,4167353.0,000661
2022-07-22,211.621,207.9932,213.5255,206.8947,4189798.0,000661
2022-07-25,208.0536,207.6405,211.9535,206.0785,4538383.0,000661
2022-07-26,208.2249,207.711,211.1171,206.1994,4575765.0,000661
2022-07-27,207.711,206.0483,208.2955,204.7483,3147709.0,000661
2022-07-28,207.5498,201.4531,207.8722,201.1205,6218936.0,000661
2022-07-29,202.3298,195.3261,202.3298,194.8626,5812999.0,000661
2022-08-01,195.3261,196.9183,197.3113,192.0712,4232324.0,000661
2022-08-02,195.4974,204.1638,208.7993,195.1044,10725642.0,000661
2022-08-03,204.1638,206.7537,209.9582,202.7833,8011631.0,000661
2022-08-04,209.1923,212.9914,214.8456,206.3808,9211843.0,000661
2022-08-05,214.6441,234.2946,234.2946,214.6441,13108408.0,000661
2022-08-08,239.8371,223.764,240.3409,223.3105,11746270.0,000661
2022-08-09,221.7485,225.5275,227.1801,220.4385,5951562.0,000661
2022-08-10,223.1896,217.9494,226.636,217.506,6995954.0,000661
2022-08-11,219.5316,226.777,228.0468,216.0247,7637918.0,000661
2022-08-12,224.7213,231.5234,234.0931,222.9074,5781815.0,000661
2022-08-15,228.6917,224.3182,230.7676,222.5043,4745079.0,000661
2022-08-16,221.9803,218.8463,224.6608,217.6673,4909304.0,000661
2022-08-17,218.6851,226.2833,228.0468,217.8688,5218949.0,000661
2022-08-18,224.4895,203.66,225.1848,203.66,11421048.0,000661
2022-08-19,192.4743,195.0944,201.3422,183.294,25688429.0,000661
2022-08-22,188.645,188.4434,191.8999,186.2264,12354237.0,000661
2022-08-23,187.4458,184.0296,189.3403,183.0118,6873710.0,000661
2022-08-24,183.4048,183.7172,185.7125,182.0545,4758896.0,000661
2022-08-25,183.4048,187.3249,193.482,177.419,12393525.0,000661
2022-08-26,181.3894,178.9507,183.8986,178.8701,8986655.0,000661
2022-08-29,175.2725,175.8469,177.2577,173.4284,4763868.0,000661
2022-08-30,175.9477,176.4012,178.2654,173.4989,3725486.0,000661
2022-08-31,175.3733,178.4468,179.9282,174.7082,5347113.0,000661
2022-09-01,178.3662,174.7485,179.8778,174.3152,3858388.0,000661
2022-09-02,176.2399,177.3182,182.1855,175.3531,6054571.0,000661
2022-09-05,179.4949,177.2678,179.5452,175.6655,3083368.0,000661
2022-09-06,177.5802,173.0153,178.205,169.2968,8558084.0,000661
2022-09-07,169.8812,169.1758,171.0099,166.8782,6201509.0,000661
2022-09-08,169.2162,167.11,170.7882,167.11,4145742.0,000661
2022-09-09,171.3122,170.0324,172.1184,168.4402,4395942.0,000661
2022-09-13,170.0324,173.1563,174.1943,166.7875,6032096.0,000661
2022-09-14,171.6044,170.9897,172.6726,169.065,3402396.0,000661
2022-09-15,171.8463,168.7526,174.023,167.503,3518963.0,000661
2022-09-16,167.4627,161.2652,168.9541,161.2652,5984822.0,000661
2022-09-19,161.2652,162.7668,163.9357,158.8467,3544557.0,000661
2022-09-20,164.2582,162.9683,164.8124,159.8847,4285290.0,000661
2022-09-21,162.9884,159.8242,163.9055,158.625,3978615.0,000661
2022-09-22,158.2018,159.1188,161.9807,157.9599,3229417.0,000661
2022-09-23,158.2119,157.6475,160.0258,155.5918,3713164.0,000661
2022-09-26,156.4685,154.9872,158.1917,154.9872,2786532.0,000661
2022-09-27,155.2693,168.289,169.2766,154.2112,8807418.0,000661
2022-09-28,164.2582,166.4953,168.9944,163.3512,6314486.0,000661
2022-09-29,167.2108,168.9743,172.0378,166.1728,6895804.0,000661
2022-09-30,168.279,171.6649,173.3176,167.5635,5424590.0,000661
2022-10-10,171.1006,169.2363,171.1006,166.8581,3706384.0,000661
2022-10-11,168.0573,162.8171,169.1456,161.8497,4692233.0,000661
2022-10-12,163.2505,164.2078,164.2481,158.0002,4514686.0,000661
2022-10-13,164.2078,172.5316,174.7183,162.2528,6050173.0,000661
2022-10-14,173.3176,189.7837,189.7837,172.3199,13213025.0,000661
2022-10-17,191.4666,200.0322,207.8924,187.4357,18316568.0,000661
2022-10-18,201.8461,201.5639,206.5723,196.0315,8155281.0,000661
2022-10-19,199.5485,196.2331,201.0298,192.0511,7507235.0,000661
2022-10-20,194.4998,201.2414,207.187,193.9859,7811369.0,000661
2022-10-21,198.5206,197.5028,202.229,196.3641,4474205.0,000661
2022-10-24,198.1377,189.3302,199.4779,188.3426,6558254.0,000661
2022-10-25,187.4357,184.1808,190.8619,180.9258,6237921.0,000661
2022-10-26,186.8512,189.7031,194.389,186.8512,6334181.0,000661
2022-10-27,189.4511,179.5755,189.4511,174.9803,9012477.0,000661
2022-10-28,176.4113,176.0989,181.863,175.3431,5242494.0,000661
2022-10-31,173.1765,163.1497,173.2168,159.2397,13509656.0,000661
2022-11-01,163.4822,172.199,172.9246,161.2249,9408942.0,000661
2022-11-02,169.6696,174.6981,179.1926,169.4278,8633415.0,000661
2022-11-03,171.3122,171.6548,174.1842,169.2967,5195531.0,000661
2022-11-04,170.6874,176.0384,177.1872,170.4254,5809863.0,000661
2022-11-07,175.3431,176.1291,179.374,173.6804,5452760.0,000661
2022-11-08,175.1415,172.8742,176.1291,171.7858,4706570.0,000661
2022-11-09,172.8742,173.0959,175.6454,171.7354,3744625.0,000661
2022-11-10,170.8083,172.0277,172.8238,170.3347,4210029.0,000661
2022-11-11,175.3431,171.3122,177.943,170.0021,11213437.0,000661
2022-11-14,170.0727,173.0153,177.0159,167.2813,7881247.0,000661
2022-11-15,173.0253,179.7569,180.0088,170.3045,8966422.0,000661
2022-11-16,180.8956,178.4468,186.176,177.5399,7295882.0,000661
2022-11-17,177.3484,177.0562,178.8399,175.3531,4772621.0,000661
2022-11-18,177.3585,177.8926,181.3692,176.3508,4941901.0,000661
2022-11-21,175.5648,173.5695,176.3508,172.33,5903468.0,000661
2022-11-22,173.5796,168.2991,174.7888,166.9085,6298429.0,000661
2022-11-23,167.2813,166.6162,168.1883,164.2279,3993837.0,000661
2022-11-24,167.7852,167.4123,168.7727,164.9636,3231753.0,000661
2022-11-25,167.2813,165.2054,167.2813,164.2682,3223185.0,000661
2022-11-28,162.2427,165.6891,165.6891,161.4164,3197530.0,000661
2022-11-29,165.2759,172.0478,173.8315,165.2155,5769189.0,000661
2022-11-30,171.3122,170.4053,175.6152,169.5386,5160874.0,000661
2022-12-01,174.3353,180.3615,181.3591,174.3353,10741024.0,000661
2022-12-02,180.3817,177.2477,180.3817,176.905,3843616.0,000661
2022-12-05,179.1724,180.3615,182.6994,177.0159,4737449.0,000661
2022-12-06,179.3739,184.3823,186.3977,178.5275,5716216.0,000661
2022-12-07,183.9087,183.2033,187.6473,181.1375,4999134.0,000661
2022-12-08,182.3971,179.1422,183.9087,178.0236,4921049.0,000661
2022-12-09,181.3692,179.646,181.3692,177.5802,5095327.0,000661
2022-12-12,179.646,179.3639,181.6917,178.4368,3054417.0,000661
2022-12-13,179.1522,178.5779,180.2607,176.25,3652764.0,000661
2022-12-14,178.3662,177.9128,178.8197,175.3431,4283221.0,000661
2022-12-15,177.2577,173.7307,179.6964,172.7936,5134096.0,000661
2022-12-16,173.3276,174.4361,175.1214,172.723,2641427.0,000661
2022-12-19,175.0408,168.7929,175.0408,168.3193,3615415.0,000661
2022-12-20,169.2968,167.8658,170.5766,166.2736,3669194.0,000661
2022-12-21,168.3697,168.4301,170.899,167.0798,2766458.0,000661
2022-12-22,169.4177,170.244,173.9826,167.2813,4623541.0,000661
2022-12-23,168.5107,171.685,173.0052,167.9464,2777685.0,000661
2022-12-26,171.685,170.8083,172.3199,168.9642,2826825.0,000661
2022-12-27,171.8362,173.2269,173.4284,169.4681,4456387.0,000661
2022-12-28,173.0253,170.1231,173.0253,169.4479,3926455.0,000661
2022-12-29,169.2968,169.3673,172.33,168.541,5190444.0,000661
2022-12-30,169.2766,167.7348,171.9873,166.7976,4714182.0,000661
2023-01-03,168.3293,177.3182,179.9584,168.3293,9694973.0,000661
2023-01-04,176.8546,178.1747,178.4166,174.6679,4332595.0,000661
2023-01-05,179.3639,192.1216,195.9912,178.5174,18007964.0,000661
2023-01-06,193.482,192.1014,193.9859,186.8815,11040448.0,000661
2023-01-09,192.0914,197.009,201.0701,190.8619,10533430.0,000661
2023-01-10,196.5052,202.5918,206.0684,194.7719,10068924.0,000661
2023-01-11,202.1484,199.226,205.3227,199.0345,6106227.0,000661
2023-01-12,201.5438,197.916,201.5438,196.213,4430836.0,000661
2023-01-13,197.3315,203.66,205.5041,195.2657,6436393.0,000661
2023-01-16,203.6499,214.1906,221.1137,203.6499,11232953.0,000661
2023-01-17,214.3217,214.3418,218.675,211.9334,5556970.0,000661
2023-01-18,214.7751,211.7923,215.934,210.059,3708351.0,000661
2023-01-19,212.2155,215.4503,220.3881,211.621,5541182.0,000661
2023-01-20,215.6518,210.2102,216.327,209.8877,5735988.0,000661
2023-01-30,212.6287,209.4947,216.2565,208.628,5336846.0,000661
2023-01-31,209.0714,202.6522,210.5528,202.2693,5689976.0,000661
2023-02-01,204.5669,204.5669,205.3731,200.6368,4482900.0,000661
2023-02-02,204.6173,203.0352,208.5877,202.612,4703715.0,000661
2023-02-03,202.3499,200.9895,204.315,198.571,4298239.0,000661
2023-02-06,199.0144,206.3808,209.5249,199.0144,8068007.0,000661
2023-02-07,206.4312,201.3422,207.5901,200.5864,4259551.0,000661
2023-02-08,201.5538,201.1608,202.9848,200.536,2719470.0,000661
2023-02-09,201.8461,202.8236,202.8639,200.4151,3673178.0,000661
2023-02-10,202.8236,202.8336,207.4591,201.2011,4217768.0,000661
2023-02-13,201.5438,207.9831,211.1977,201.4127,6202416.0,000661
2023-02-14,208.0839,206.4917,210.3008,205.2622,2949492.0,000661
2023-02-15,206.5118,202.4507,208.487,201.4732,4288779.0,000661
2023-02-16,201.9972,198.0167,205.5746,197.1904,5263944.0,000661
2023-02-17,198.0167,198.8027,205.3832,196.9082,4611049.0,000661
2023-02-20,198.5307,202.753,203.8111,195.2858,3806482.0,000661
2023-02-21,202.753,202.753,206.5723,201.2112,3122234.0,000661
2023-02-22,202.753,202.491,208.4769,200.8384,5503055.0,000661
2023-02-23,201.6445,199.3167,206.5219,198.2082,4448336.0,000661
2023-02-24,199.5283,196.6261,200.7376,196.5253,2507819.0,000661
2023-02-27,195.7494,195.9005,197.6842,193.0789,2960632.0,000661
2023-02-28,196.0013,198.8128,200.8384,195.5881,3063011.0,000661
2023-03-01,198.833,198.0671,199.7299,195.6083,2572356.0,000661
2023-03-02,197.1703,194.6208,197.785,193.6634,3017234.0,000661
2023-03-03,194.6308,194.8021,198.3795,194.0867,2333734.0,000661
2023-03-06,195.4874,194.0363,195.699,192.0309,2861314.0,000661
2023-03-07,193.482,190.2674,195.9106,189.4511,4215529.0,000661
2023-03-08,190.4488,192.2325,193.8851,188.6047,2880977.0,000661
2023-03-09,192.6557,194.9432,197.7245,191.8697,4201646.0,000661
2023-03-10,193.482,193.2301,195.8804,190.4387,2871442.0,000661
2023-03-13,192.7766,190.7108,194.1572,188.252,3751692.0,000661
2023-03-14,190.7007,191.4666,195.4975,190.0558,3627407.0,000661
2023-03-15,191.9704,185.8939,192.9781,185.0877,5478193.0,000661
2023-03-16,185.3497,186.2264,188.2923,184.5939,2934483.0,000661
2023-03-17,186.428,167.6139,187.3148,167.6038,21828232.0,000661
2023-03-20,164.2582,158.8669,164.8527,158.363,15536181.0,000661
2023-03-21,165.7698,171.1812,173.3075,164.2682,14143170.0,000661
2023-03-22,171.3122,171.4432,173.0052,170.3952,5777198.0,000661
2023-03-23,169.8006,168.9239,171.3021,167.1906,5606363.0,000661
2023-03-24,168.9239,168.6619,172.2091,168.2891,4712401.0,000661
2023-03-27,167.886,169.2968,171.6649,165.3767,4832848.0,000661
2023-03-28,169.2464,167.5534,169.8006,166.8279,3342304.0,000661
2023-03-29,167.4224,166.3643,168.0774,164.9434,3649571.0,000661
2023-03-30,169.2968,165.8504,170.1735,164.0667,5389414.0,000661
2023-03-31,166.1527,164.5605,166.6868,164.1372,4086606.0,000661
2023-04-03,164.5605,163.845,165.9511,163.4419,5840082.0,000661
2023-04-04,164.2481,164.0163,165.0643,162.0311,5458407.0,000661
2023-04-06,164.0264,165.8907,166.5759,162.7567,5141277.0,000661
2023-04-07,166.1728,171.0603,172.3199,165.8907,7722151.0,000661
2023-04-10,171.413,170.3851,174.3051,169.4983,5174544.0,000661
2023-04-11,169.0952,167.9061,171.6044,166.9085,5503748.0,000661
2023-04-12,167.8658,166.848,168.6518,166.6767,3189071.0,000661
2023-04-13,167.0798,168.9541,168.9541,163.8349,5800234.0,000661
2023-04-14,169.8006,168.0875,171.7254,166.8782,5411176.0,000661
2023-04-17,167.2511,170.1029,170.9494,165.7697,7326979.0,000661
2023-04-18,166.4248,169.8309,179.6561,166.4248,15083423.0,000661
2023-04-19,168.2588,164.1372,168.289,162.1218,8775206.0,000661
2023-04-20,163.7845,161.2753,164.4395,160.2676,5943420.0,000661
2023-04-21,161.5272,164.7923,167.886,161.5172,8461936.0,000661
2023-04-24,166.0721,163.3915,168.2689,162.404,5923589.0,000661
2023-04-25,162.7466,161.9505,164.0264,160.0459,4334095.0,000661
2023-04-26,162.8474,161.2451,162.8574,160.4389,3286010.0,000661
2023-04-27,160.9024,164.5605,164.762,159.7133,5011168.0,000661
2023-04-28,164.5706,165.179,166.6695,164.0637,3118949.0,000661
2023-05-04,165.1587,168.4844,169.6605,164.2969,4689038.0,000661
2023-05-05,168.2816,167.075,168.4945,165.8279,3207852.0,000661
2023-05-08,167.075,164.1144,167.6935,163.7088,3614131.0,000661
2023-05-09,164.0535,162.2893,165.0472,161.7519,2847095.0,000661
2023-05-10,162.3805,163.7189,164.2563,160.0282,2368743.0,000661
2023-05-11,163.7189,162.9585,164.9559,162.2285,2470009.0,000661
2023-05-12,162.7354,165.3615,167.511,162.5935,4396786.0,000661
2023-05-15,165.0675,170.7049,171.3538,164.4185,6098978.0,000661
2023-05-16,170.8468,176.2207,178.2485,170.8468,9216787.0,000661
2023-05-17,175.0039,175.3081,178.0457,173.6047,4103474.0,000661
2023-05-18,175.2879,173.6149,176.322,172.3677,2718156.0,000661
2023-05-19,173.8785,172.9761,174.8417,171.7188,2146542.0,000661
2023-05-22,173.7162,173.3614,175.5616,172.3677,2544372.0,000661
2023-05-23,173.3817,172.2156,176.099,171.658,2674804.0,000661
2023-05-24,171.3639,169.7924,171.881,168.9305,2386776.0,000661
2023-05-25,169.7822,169.2246,170.5629,167.9571,2081554.0,000661
2023-05-26,169.3361,168.1903,170.7353,167.805,1840239.0,000661
2023-05-29,168.1903,163.2424,170.6948,162.1169,5409983.0,000661
2023-05-30,164.236,162.6137,164.8748,161.3159,3165238.0,000661
2023-05-31,162.4718,161.6201,162.6036,159.937,2848483.0,000661
2023-06-01,160.4135,161.8229,163.4249,159.8964,2503890.0,000661
2023-06-02,161.0117,163.0396,163.1207,160.6873,2646122.0,000661
2023-06-05,163.2322,161.1537,163.7493,160.0789,3383500.0,000661
2023-06-06,161.103,159.6531,161.103,159.207,2466738.0,000661
2023-06-07,159.7139,143.6837,160.6873,143.6837,13532717.0,000661
2023-06-08,141.0678,143.0855,146.5531,140.7028,10026666.0,000661
2023-06-09,142.4569,138.9487,142.7712,138.2795,8063341.0,000661
2023-06-12,138.6749,138.5532,139.5773,136.4443,7163360.0,000661
2023-06-13,138.2288,136.8701,139.121,135.7142,5660102.0,000661
2023-06-14,136.8803,137.4278,139.77,136.3733,4853282.0,000661
2023-06-15,137.8942,147.5468,148.3883,136.5152,10884165.0,000661
2023-06-16,146.9181,145.3161,147.9828,144.5354,5177472.0,000661
2023-06-19,145.0931,142.2439,146.107,141.5342,5116182.0,000661
2023-06-20,142.2541,142.2034,143.6736,141.6254,2957213.0,000661
2023-06-21,142.2338,140.0741,142.6394,139.9829,2922794.0,000661
2023-06-26,137.8942,138.6141,139.8206,137.5596,3154924.0,000661
2023-06-27,139.6179,139.5976,140.7433,138.5938,2312229.0,000661
2023-06-28,139.6077,137.6914,140.9157,137.3872,3332976.0,000661
2023-06-29,137.7117,137.7015,138.6851,136.4037,2653658.0,000661
2023-06-30,137.7015,138.1984,139.9119,137.1337,3926153.0,000661
2023-07-03,141.9499,144.3935,148.2869,141.9499,8549615.0,000661
2023-07-04,143.6837,146.3301,146.979,142.9841,4575709.0,000661
2023-07-05,146.4112,146.2084,147.6177,145.4986,3149182.0,000661
2023-07-06,145.7825,143.8966,146.614,143.8966,2376997.0,000661
2023-07-07,143.3593,143.6837,144.9917,142.761,1678271.0,000661
2023-07-10,144.9917,147.0905,150.4162,143.9778,4821388.0,000661
2023-07-11,147.4758,146.7559,149.0373,146.036,2016533.0,000661
2023-07-12,146.8269,144.9917,147.0195,144.6267,2425613.0,000661
2023-07-13,145.7014,148.0436,150.0613,145.2654,5504648.0,000661
2023-07-14,148.0335,146.8167,148.0335,145.4986,2194106.0,000661
2023-07-17,146.3605,144.7686,146.3605,143.9777,1697720.0,000661
2023-07-18,144.7889,144.9714,145.1742,142.5583,2014443.0,000661
2023-07-19,144.4948,145.8434,146.401,144.0487,1864840.0,000661
2023-07-20,146.5126,144.5557,148.0132,144.2515,1756633.0,000661
2023-07-21,144.0589,145.7217,147.2122,143.7851,2835589.0,000661
2023-07-24,145.0018,145.2756,147.0195,144.1805,1702435.0,000661
2023-07-25,146.9587,148.0537,149.3516,146.7153,3375158.0,000661
2023-07-26,147.8307,150.3655,152.3426,147.2325,4696243.0,000661
2023-07-27,150.7711,151.2679,152.079,149.1995,3333519.0,000661
2023-07-28,157.7469,156.6417,158.7101,153.7926,8820726.0,000661
2023-07-31,156.155,152.3021,157.5441,151.785,8128809.0,000661
2023-08-01,151.6025,147.3947,151.6025,146.7153,7040078.0,000661
2023-08-02,146.8066,145.4885,147.6076,144.9613,4849370.0,000661
2023-08-03,145.0931,146.178,146.2388,144.8092,4279995.0,000661
2023-08-04,146.5836,146.4619,147.7496,146.0056,3982677.0,000661
2023-08-07,145.8839,140.2566,145.8839,139.9525,7464135.0,000661
2023-08-08,139.922,139.5976,141.0576,138.6242,4109368.0,000661
2023-08-09,139.8916,141.6052,142.538,139.4151,5323392.0,000661
2023-08-10,140.7839,141.666,142.2541,139.7497,2918184.0,000661
2023-08-11,141.1083,138.9892,142.2135,138.9183,3212178.0,000661
2023-08-14,137.7928,140.064,140.2363,137.2453,2956911.0,000661
2023-08-15,140.064,139.1109,140.1046,138.0767,1826713.0,000661
2023-08-16,138.9081,138.5836,141.5342,137.9043,3900661.0,000661
2023-08-17,137.6914,142.7611,143.5012,137.5393,5721089.0,000661
2023-08-18,142.761,139.7395,143.0551,139.7294,2633614.0,000661
2023-08-21,139.7091,138.0564,140.2465,137.9753,2213188.0,000661
2023-08-22,138.4823,133.0578,138.7865,125.7271,7107451.0,000661
2023-08-23,133.0273,131.547,134.315,131.1414,3590014.0,000661
2023-08-24,136.8803,141.5241,143.0449,135.7852,9995858.0,000661
2023-08-25,141.9499,138.9081,141.9499,138.2997,4848534.0,000661
2023-08-28,146.0056,139.121,147.273,138.3099,6190534.0,000661
2023-08-29,139.0906,140.3783,141.8587,138.7053,5129807.0,000661
2023-08-30,140.4087,140.7839,142.6596,139.9829,3023173.0,000661
2023-08-31,140.0336,139.4151,140.6419,139.1109,2160952.0,000661
2023-09-01,139.0602,139.7497,140.7129,139.0602,1734849.0,000661
2023-09-04,140.7332,141.9702,142.903,140.3175,3668267.0,000661
2023-09-05,141.7471,141.4531,141.8992,140.9157,1964216.0,000661
2023-09-06,140.7332,140.064,140.7332,139.0906,2835757.0,000661
2023-09-07,140.2668,137.7928,140.2668,137.7725,2676738.0,000661
2023-09-08,137.7421,137.8536,139.7497,137.5799,1685686.0,000661
2023-09-11,137.9956,138.6749,139.8713,137.5292,3459942.0,000661
2023-09-12,138.0767,138.827,139.192,136.8803,3402794.0,000661
2023-09-13,138.5228,137.0526,139.5165,136.6572,2519902.0,000661
2023-09-14,136.9411,136.5659,137.7218,135.4608,1861610.0,000661
2023-09-15,136.6876,136.8803,139.0906,136.3834,4041274.0,000661
2023-09-18,137.0121,137.9347,138.533,136.6673,2635033.0,000661
2023-09-19,137.9043,137.3568,138.2592,136.931,2197609.0,000661
2023-09-20,137.3669,137.0121,137.7319,136.8904,1977518.0,000661
2023-09-21,136.3936,135.3289,137.4683,135.187,2619546.0,000661
2023-09-22,134.8524,137.8739,137.8841,134.3657,3344274.0,000661
2023-09-25,137.3771,138.9385,139.922,137.0627,3605880.0,000661
2023-09-26,138.8574,138.5938,139.8815,138.1578,1975055.0,000661
2023-09-27,138.2795,139.4962,140.2972,138.2795,4024981.0,000661
2023-09-28,139.5672,140.936,141.8891,139.5165,4499737.0,000661
2023-10-09,140.936,141.5646,141.6457,138.7053,4359555.0,000661
2023-10-10,141.737,140.2059,144.3124,139.7294,3075278.0,000661
2023-10-11,140.2161,143.2781,146.4517,140.2161,6999443.0,000661
2023-10-12,144.5658,143.5621,144.9917,141.8587,3118348.0,000661
2023-10-13,143.0652,143.5012,144.8497,142.4467,2904512.0,000661
2023-10-16,143.5722,144.4847,147.2223,143.3288,5674095.0,000661
2023-10-17,144.4948,141.0678,144.799,139.5976,3944365.0,000661
2023-10-18,140.2871,137.0729,140.3276,136.9817,3375596.0,000661
2023-10-19,136.4747,134.6395,136.5456,133.95,3304496.0,000661
2023-10-20,133.8385,131.4963,134.3454,130.8068,3493537.0,000661
2023-10-23,130.7967,132.4494,132.9158,128.6472,3041928.0,000661
2023-10-24,134.8524,141.9499,145.0627,132.8245,9479432.0,000661
2023-10-25,140.9461,142.8827,146.107,140.9461,7667474.0,000661
2023-10-26,142.4873,144.8903,146.2084,141.7167,4741580.0,000661
2023-10-27,144.4847,152.7381,154.6645,143.6736,11582855.0,000661
2023-10-30,155.131,156.7634,157.8483,154.117,10699528.0,000661
2023-10-31,156.1449,157.7875,159.866,153.9447,6477586.0,000661
2023-11-01,158.1525,158.4972,160.3628,156.1449,5113918.0,000661
2023-11-02,158.4972,153.9954,159.1765,153.6101,7888273.0,000661
2023-11-03,155.2526,153.2552,155.6379,152.6975,4459100.0,000661
2023-11-06,154.117,154.0968,155.2932,153.1031,5441016.0,000661
2023-11-07,153.4884,155.1309,156.7938,153.316,4849355.0,000661
2023-11-08,154.8775,158.771,162.4312,153.9244,8686435.0,000661
2023-11-09,159.1867,159.0853,161.5187,156.8344,5124511.0,000661
2023-11-10,157.8483,162.6645,165.1486,157.0372,7795883.0,000661
2023-11-13,163.2424,159.4909,163.2424,158.7811,5110451.0,000661
2023-11-14,159.4503,159.6936,160.4642,158.5073,3083256.0,000661
2023-11-15,160.6974,161.3666,162.9382,160.4439,3921251.0,000661
2023-11-16,160.3831,160.6974,166.7911,158.8419,4781349.0,000661
2023-11-17,159.9978,160.373,161.904,158.9839,2776265.0,000661
2023-11-20,162.0257,163.577,168.0383,162.0257,5316510.0,000661
2023-11-21,163.5668,163.8203,166.2842,162.5529,3426237.0,000661
2023-11-22,162.8368,160.4541,163.6682,160.3121,3411993.0,000661
2023-11-23,160.4541,158.7101,161.2044,157.1385,4324949.0,000661
2023-11-24,158.1829,160.0485,160.6771,158.0004,3488871.0,000661
2023-11-27,157.6556,156.1347,157.7266,153.2957,5620865.0,000661
2023-11-28,158.0713,165.9597,167.3184,158.0308,7741232.0,000661
2023-11-29,165.9293,164.5503,167.2981,162.2487,4160947.0,000661
2023-11-30,163.7595,163.1309,165.7772,161.7722,3386394.0,000661
2023-12-01,163.5973,161.103,163.8406,159.3692,3632231.0,000661
2023-12-04,160.961,156.0638,161.0117,153.6912,5792222.0,000661
2023-12-05,155.9421,154.9586,156.6518,153.7824,4032265.0,000661
2023-12-06,154.9485,154.8471,156.0131,152.9206,3607755.0,000661
2023-12-07,154.117,152.4745,154.8369,151.0854,4460519.0,000661
2023-12-08,152.4745,153.4681,154.8268,151.3287,5240217.0,000661
2023-12-11,152.9713,152.1804,152.9713,149.7571,5013020.0,000661
2023-12-12,152.1804,150.041,152.9105,149.2603,4111505.0,000661
2023-12-13,149.7368,146.7863,150.5379,146.5126,4438721.0,000661
2023-12-14,147.1919,145.3567,148.4897,145.0221,3324747.0,000661
2023-12-15,145.9955,143.5215,146.3098,142.7915,3483707.0,000661
2023-12-18,142.5076,143.6026,146.2996,142.1425,3153495.0,000661
2023-12-19,143.6026,142.6799,143.6533,141.4429,2359086.0,000661
2023-12-20,142.9942,140.6115,143.5113,140.5304,2198256.0,000661
2023-12-21,140.0133,142.6394,143.4302,139.699,3089952.0,000661
2023-12-22,142.7509,142.7611,144.6368,141.6559,2857286.0,000661
2023-12-25,141.9499,145.7521,146.614,141.6559,3319223.0,000661
2023-12-26,146.3402,143.9271,146.3402,143.0551,2338903.0,000661
2023-12-27,143.775,144.1096,144.87,142.4062,2503104.0,000661
2023-12-28,143.6634,148.8953,150.0613,143.1768,4604655.0,000661
2023-12-29,148.8953,147.8307,150.0613,147.7293,3254641.0,000661
2024-01-02,147.8307,147.4555,148.5202,145.7724,3867674.0,000661
2024-01-03,146.5329,146.5227,149.2603,145.7825,2744633.0,000661
2024-01-04,146.5734,147.344,147.5569,144.2312,3782158.0,000661
2024-01-05,146.4923,141.7674,146.5126,141.3922,4190228.0,000661
2024-01-08,140.3783,139.557,143.5722,138.9588,2530057.0,000661
2024-01-09,139.5773,140.2161,141.524,137.6914,3014838.0,000661
2024-01-10,140.2262,139.8714,142.6191,138.5837,2189562.0,000661
2024-01-11,139.4353,135.2681,139.4353,130.2796,7690968.0,000661
2024-01-12,128.9818,126.741,131.4659,123.6992,21950016.0,000661
2024-01-15,126.8424,124.338,127.5724,124.0845,10889103.0,000661
2024-01-16,124.4089,125.7575,125.798,122.7867,8264867.0,000661
2024-01-17,125.7271,124.774,127.1263,124.774,7466744.0,000661
2024-01-18,124.4901,127.2175,127.6332,122.7968,7463748.0,000661
2024-01-19,126.6092,125.5445,127.2479,124.7435,4528327.0,000661
2024-01-22,125.3519,123.4254,125.3519,121.7119,5519542.0,000661
2024-01-23,122.6853,123.4254,123.6586,121.7727,4352293.0,000661
2024-01-24,124.196,125.068,125.0984,119.2987,7150539.0,000661
2024-01-25,124.3887,125.7473,126.7106,122.2087,6865283.0,000661
2024-01-26,124.4089,123.7296,126.0008,122.8272,4670754.0,000661
2024-01-29,124.5408,123.4356,124.5408,120.7487,4156024.0,000661
2024-01-30,122.0871,119.0757,122.3608,119.0757,4070649.0,000661
2024-01-31,118.4369,115.8413,119.4103,115.6587,4836989.0,000661
2024-02-01,115.0301,116.2367,118.4673,114.442,4052607.0,000661
2024-02-02,116.2367,112.8502,117.5751,110.4573,5948829.0,000661
2024-02-05,111.5321,112.2418,114.1379,107.8109,7297654.0,000661
2024-02-06,111.4104,120.6473,120.6574,110.7311,7655848.0,000661
2024-02-07,121.1542,121.1644,123.0401,119.4508,7075819.0,000661
2024-02-08,122.2594,121.8031,122.6548,120.2214,5856382.0,000661
2024-02-19,123.395,123.466,124.3887,120.9616,4939624.0,000661
2024-02-20,122.6853,124.7131,125.7271,121.9147,4635654.0,000661
2024-02-21,123.8107,125.6054,127.4102,123.395,5683044.0,000661
2024-02-22,125.1288,127.2277,127.3392,125.0173,3727637.0,000661
2024-02-23,127.2378,126.6599,127.5014,125.5344,3121960.0,000661
2024-02-26,126.6903,126.9438,128.6674,125.5445,3994203.0,000661
2024-02-27,126.741,128.1098,128.1098,126.1833,3613502.0,000661
2024-02-28,128.4951,127.6028,134.1629,127.6028,6754423.0,000661
2024-02-29,126.6396,130.2897,130.4722,126.2543,4356578.0,000661
2024-03-01,129.8639,130.8981,131.8106,129.2961,3258523.0,000661
2024-03-04,130.8981,132.348,134.7307,130.2897,4672211.0,000661
2024-03-05,131.3037,132.4088,134.1629,130.7967,4629118.0,000661
2024-03-06,131.8005,130.9386,132.8043,130.4012,3581489.0,000661
2024-03-07,129.7929,126.8322,130.6953,126.8322,4905190.0,000661
2024-03-08,126.9945,127.3493,129.1237,126.741,2764612.0,000661
2024-03-11,127.4,129.6712,129.7625,126.8424,3768035.0,000661
2024-03-12,130.1883,132.3277,132.3277,129.8436,5318543.0,000661
2024-03-13,131.8106,130.0768,132.1655,129.438,4338665.0,000661
2024-03-14,132.8144,129.7929,133.3822,128.4444,5787933.0,000661
2024-03-15,129.6104,130.0971,132.1047,128.5762,4382811.0,000661
2024-03-18,130.2897,132.3784,132.3784,129.2859,4668668.0,000661
2024-03-19,132.3176,134.3454,134.7105,131.5064,6209051.0,000661
2024-03-20,134.4468,130.8879,134.8017,129.58,10769248.0,000661
2024-03-21,130.1782,129.9044,132.0742,128.8905,6195613.0,000661
2024-03-22,129.3569,127.7042,129.6408,127.4102,4399272.0,000661
2024-03-25,127.2378,124.8956,128.414,124.7942,4714534.0,000661
2024-03-26,124.8956,124.2062,125.5243,122.4521,4495653.0,000661
2024-03-27,123.7195,122.3507,124.0439,122.3203,3070622.0,000661
2024-03-28,121.8741,123.0807,124.2771,121.6105,3212049.0,000661
2024-03-29,122.888,121.864,123.1314,120.7588,2162111.0,000661
2024-04-01,122.1073,125.4837,126.1326,121.8944,4428038.0,000661
2024-04-02,125.6561,124.9159,125.6561,123.4964,2995518.0,000661
2024-04-03,124.7131,124.6117,125.8791,124.0541,2409566.0,000661
2024-04-08,124.3076,121.0529,124.6929,121.0427,3662636.0,000661
2024-04-09,121.0123,122.8069,122.888,119.9477,2700878.0,000661
2024-04-10,122.8171,119.7246,122.8272,118.8121,3554058.0,000661
2024-04-11,119.0351,119.3393,120.4749,118.7918,2677584.0,000661
2024-04-12,120.1403,119.6536,123.4559,119.6536,3528282.0,000661
2024-04-15,119.7753,122.6041,123.1922,119.7753,4746404.0,000661
2024-04-16,122.3811,122.5636,125.0984,121.6916,5768860.0,000661
2024-04-17,121.8843,122.8678,123.1415,120.1504,6253870.0,000661
2024-04-18,124.0472,122.0991,124.0472,121.3725,5144466.0,000661
2024-04-19,121.4146,124.1314,124.6685,120.1404,5238383.0,000661
2024-04-22,120.0456,116.2547,120.7933,114.6225,10634348.0,000661
2024-04-23,115.8335,116.7812,117.4341,114.6647,4911530.0,000661
2024-04-24,116.36,115.4123,116.6549,114.791,4033607.0,000661
2024-04-25,114.8121,115.1912,117.0972,114.8121,3876691.0,000661
2024-04-26,114.8647,117.3288,117.8659,114.8121,6004741.0,000661
2024-04-29,117.3394,120.4984,122.0464,116.6865,6515193.0,000661
2024-04-30,120.4353,119.0558,120.4353,118.7083,4597630.0,000661
2024-05-06,121.0987,124.521,124.9422,120.5722,8523199.0,000661
2024-05-07,124.8896,124.9001,125.6267,123.8366,4670564.0,000661
2024-05-08,124.9212,123.3838,125.89,122.9941,4103000.0,000661
2024-05-09,123.3838,125.5425,126.1427,122.6993,4934237.0,000661
2024-05-10,125.553,124.2472,125.7952,123.6154,3485577.0,000661
2024-05-13,123.5207,123.2574,124.2472,122.415,3231762.0,000661
2024-05-14,123.0784,123.6997,125.0265,123.0784,2853859.0,000661
2024-05-15,123.4048,121.0355,123.9419,120.9934,3656140.0,000661
2024-05-16,121.0987,120.53,121.6147,120.4563,2860006.0,000661
2024-05-17,120.4458,121.4356,121.5199,119.7297,2968047.0,000661
2024-05-20,121.5094,123.0573,123.1416,121.0566,3906181.0,000661
2024-05-21,122.5729,121.6252,122.6466,121.4462,2156647.0,000661
2024-05-22,121.6252,121.5304,122.257,121.0355,2398940.0,000661
2024-05-23,121.6252,118.9716,121.7305,118.782,3593219.0,000661
2024-05-24,118.5503,118.1397,119.7403,118.1186,2479210.0,000661
2024-05-27,118.5819,118.1502,118.9716,116.1494,3004136.0,000661
2024-05-28,117.9396,116.6128,117.9396,116.16,3424748.0,000661
2024-05-29,116.6759,117.1182,117.392,116.3074,2095411.0,000661
2024-05-30,116.8866,110.0313,117.0972,108.3359,12539967.0,000661
2024-05-31,110.2524,110.3683,111.832,109.0836,6903144.0,000661
2024-06-03,110.3683,110.8527,112.4638,109.1046,5566210.0,000661
2024-06-04,110.3578,112.7587,113.1904,110.105,4615206.0,000661
2024-06-05,112.3375,111.9478,113.0851,111.4108,3020223.0,000661
2024-06-06,111.6319,109.9471,112.9693,109.7049,3558243.0,000661
2024-06-07,110.5157,109.1889,111.2002,108.357,3451412.0,000661
2024-06-11,108.6729,109.926,110.1261,107.1987,3601778.0,000661
2024-06-12,109.926,110.7368,111.1791,109.052,3472257.0,000661
2024-06-13,110.5473,109.2521,110.5473,108.5571,3691076.0,000661
2024-06-14,108.8203,106.1562,109.0731,105.8824,7071235.0,000661
2024-06-17,106.2299,107.8094,108.4096,105.935,4774585.0,000661
2024-06-18,107.8094,107.3777,108.6624,106.8196,2930343.0,000661
2024-06-19,107.4514,106.788,107.7673,106.6195,2373344.0,000661
2024-06-20,106.6721,103.4077,106.7669,103.1971,5481220.0,000661
2024-06-21,103.1971,103.2077,104.0396,102.2178,3602895.0,000661
2024-06-24,102.3863,100.0907,102.5653,100.0486,5028430.0,000661
2024-06-25,100.0275,98.2163,100.8594,97.6371,5223264.0,000661
2024-06-26,98.4058,100.7541,101.0174,97.6266,4980217.0,000661
2024-06-27,100.038,98.0267,100.3539,97.774,4551130.0,000661
2024-06-28,97.8793,96.6367,98.6059,96.0892,5955894.0,000661
2024-07-01,96.6157,98.2374,99.1008,95.7206,4289408.0,000661
2024-07-02,98.111,97.4686,98.4058,97.2264,2598439.0,000661
2024-07-03,97.4055,97.6161,98.4374,96.5946,2783778.0,000661
2024-07-04,97.3002,94.5096,98.0373,94.2464,5999238.0,000661
2024-07-05,94.2464,95.3415,95.8364,93.7304,4702564.0,000661
2024-07-08,95.352,93.2144,95.3942,92.8564,3975220.0,000661
2024-07-09,92.909,94.9835,95.8259,92.5299,4262601.0,000661
2024-07-10,94.657,96.3735,98.5111,94.0674,4771341.0,000661
2024-07-11,98.1426,98.9324,100.1012,97.3002,5314631.0,000661
2024-07-12,98.985,97.6898,99.143,97.2475,3401987.0,000661
2024-07-15,97.2054,96.2892,97.5634,96.1208,3013665.0,000661
2024-07-16,96.4367,98.1215,98.2689,96.047,3508370.0,000661
2024-07-17,97.6582,99.9959,100.5224,97.574,5363683.0,000661
2024-07-18,99.5431,99.9117,100.7225,98.985,3895070.0,000661
2024-07-19,99.7011,99.9222,100.5646,98.9218,3561252.0,000661
2024-07-22,99.9643,99.68,100.7646,99.1219,3130838.0,000661
2024-07-23,99.2904,95.868,99.343,95.8259,4627744.0,000661
2024-07-24,95.2994,94.7729,96.1313,94.5412,3077214.0,000661
2024-07-25,94.2464,95.6785,96.7526,94.0779,2923101.0,000661
2024-07-26,95.4679,95.8575,96.7736,95.0888,2409849.0,000661
2024-07-29,96.1102,94.3833,96.1418,94.3095,2734501.0,000661
2024-07-30,94.3833,94.9624,95.6153,94.1305,2735312.0,000661
2024-07-31,94.9414,99.838,99.8906,94.3622,6892355.0,000661
2024-08-01,99.7958,97.3633,100.3961,97.0895,5174200.0,000661
2024-08-02,96.742,97.5108,99.3851,96.5209,4238239.0,000661
2024-08-05,96.8895,98.0478,100.9542,96.6683,6300700.0,000661
2024-08-06,98.7849,99.4378,100.0275,98.1952,4756654.0,000661
2024-08-07,99.343,98.7744,99.4168,98.0689,2818702.0,000661
2024-08-08,98.3742,98.3532,99.5115,98.3005,2966234.0,000661
2024-08-09,98.4058,96.5841,99.1746,96.5841,3517041.0,000661
2024-08-12,96.5841,97.3423,98.6902,96.2471,3301329.0,000661
2024-08-13,97.1633,95.9312,97.1949,94.7939,4071538.0,000661
2024-08-14,95.6153,94.299,95.668,94.2569,2810038.0,000661
2024-08-15,94.2885,94.1305,95.6469,93.783,3658700.0,000661
2024-08-16,91.6138,90.7187,91.8244,89.7289,9867994.0,000661
2024-08-19,90.0553,88.6548,91.2452,88.6232,6706774.0,000661
2024-08-20,88.6653,87.2016,89.0339,86.8541,5726820.0,000661
2024-08-21,86.7909,85.5483,87.5491,85.4535,4878156.0,000661
2024-08-22,85.3588,83.8635,85.8853,83.6845,5723339.0,000661
2024-08-23,83.3791,83.8108,84.906,83.3791,3597887.0,000661
2024-08-26,83.8213,84.906,84.906,82.9052,3837251.0,000661
2024-08-27,84.5585,84.6217,85.5273,83.9266,3162984.0,000661
2024-08-28,84.2004,83.874,84.5164,83.2527,3008182.0,000661
2024-08-29,83.4001,85.4009,85.6536,83.4001,3907704.0,000661
2024-08-30,85.3377,86.6856,88.0335,84.8849,6042290.0,000661
2024-09-02,86.3486,83.6107,86.5487,83.6002,4827273.0,000661
2024-09-03,83.2106,84.0635,84.8533,82.7683,3334309.0,000661
2024-09-04,83.3896,84.3268,85.1798,83.3685,3068619.0,000661
2024-09-05,84.2426,84.7691,85.4009,84.2426,2625020.0,000661
2024-09-06,84.7585,83.6002,84.7691,83.5054,2202512.0,000661
2024-09-09,83.4001,83.2527,83.9898,82.663,2853951.0,000661
2024-09-10,83.1474,83.0842,83.5054,81.61,3190222.0,000661
2024-09-11,82.6525,83.2316,84.032,82.5261,2782629.0,000661
2024-09-12,84.1162,85.1271,86.8225,83.9582,7075559.0,000661
2024-09-13,85.1271,84.0741,85.4009,84.0741,2821717.0,000661
2024-09-18,83.9477,83.1579,84.0635,82.4735,2253620.0,000661
2024-09-19,84.1899,84.9376,86.6751,83.1895,4630013.0,000661
2024-09-20,84.9376,84.2952,84.9376,83.2527,3537849.0,000661
2024-09-23,84.6848,84.0846,85.2851,83.9161,2818948.0,000661
2024-09-24,84.6848,87.6649,87.6649,83.9898,8313265.0,000661
2024-09-25,88.4547,89.097,91.5717,88.4547,8567129.0,000661
2024-09-26,89.097,95.6364,96.4156,88.5284,11219716.0,000661
2024-09-27,100.038,105.1979,105.1979,99.5115,16894705.0,000661
2024-09-30,113.3589,115.7177,115.7177,111.6214,15162935.0,000661
2024-10-08,127.2905,127.2905,127.2905,121.0987,23685275.0,000661
2024-10-09,126.2901,123.4469,132.4504,121.383,22890970.0,000661
2024-10-10,123.9419,117.9396,126.2269,115.823,16709173.0,000661
2024-10-11,116.36,109.5259,116.8865,108.0411,13133904.0,000661
2024-10-14,109.9787,109.5364,110.6842,105.3032,12514898.0,000661
2024-10-15,109.2837,105.7876,109.4521,105.6507,7832951.0,000661
2024-10-16,104.2502,104.2923,106.8827,103.4604,7164486.0,000661
2024-10-17,104.7767,103.2919,106.5984,103.1445,6197998.0,000661
2024-10-18,103.1971,108.1359,111.2634,102.2494,11996399.0,000661
2024-10-21,109.2099,109.0099,111.6214,106.988,10686524.0,000661
2024-10-22,109.0099,109.8312,110.8737,108.0411,7497485.0,000661
2024-10-23,109.8628,110.0629,112.4006,108.4623,8698215.0,000661
2024-10-24,110.1577,108.2622,110.9896,108.0621,7134177.0,000661
2024-10-25,107.4724,109.2626,111.5056,107.2618,9332197.0,000661
2024-10-28,109.1994,117.5078,118.1291,108.4623,16638610.0,000661
2024-10-29,117.6763,113.5695,121.5094,113.3062,12964668.0,000661
2024-10-30,113.4642,110.5262,114.6331,109.5259,8878491.0,000661
2024-10-31,109.9681,109.9155,111.9373,108.8309,7235485.0,000661
2024-11-01,109.2942,109.5574,113.8012,109.1994,7136208.0,000661
2024-11-04,109.3047,111.7372,112.9587,109.2521,6214923.0,000661
2024-11-05,111.7372,114.1276,114.4962,109.5153,8557186.0,000661
2024-11-06,115.8335,113.9591,117.9185,113.3694,9839972.0,000661
2024-11-07,112.7376,121.1934,121.5199,112.4533,13044025.0,000661
2024-11-08,123.4153,119.0769,123.8155,118.6662,10492948.0,000661
2024-11-11,117.5921,120.4353,120.4458,116.0862,8804566.0,000661
2024-11-12,120.4774,123.7628,126.3638,120.0878,16039341.0,000661
2024-11-13,122.594,121.8779,123.5101,119.814,7915449.0,000661
2024-11-14,121.8779,117.9185,122.8362,117.75,7017765.0,000661
2024-11-15,117.4131,116.16,118.4977,116.0968,5827774.0,000661
2024-11-18,117.9396,118.9821,122.6466,117.9396,10304194.0,000661
2024-11-19,118.9821,118.5188,119.835,115.2228,7534205.0,000661
2024-11-20,117.9396,119.835,122.236,117.729,7481855.0,000661
2024-11-21,119.5191,119.0031,120.2878,118.2028,4219401.0,000661
2024-11-22,118.9926,115.4123,119.0979,115.4123,6626999.0,000661
2024-11-25,115.307,114.1908,116.1494,113.222,4926000.0,000661
2024-11-26,113.9486,112.2532,115.0543,111.7372,3902570.0,000661
2024-11-27,112.0847,113.6537,113.7275,111.7478,4072340.0,000661
2024-11-28,113.6537,111.1896,114.2013,110.7895,4498426.0,000661
2024-11-29,111.2212,112.9061,114.4435,111.2212,4504778.0,000661
2024-12-02,112.706,115.0227,116.855,111.832,5516376.0,000661
2024-12-03,114.6225,115.2543,116.2337,113.4853,4306537.0,000661
2024-12-04,115.149,113.6222,115.1596,113.0325,3438624.0,000661
2024-12-05,112.9377,111.8004,113.4431,111.4424,3958481.0,000661
2024-12-06,111.674,113.9907,114.7278,111.674,4115149.0,000661
2024-12-09,114.6436,112.8324,115.1596,112.1479,3946870.0,000661
2024-12-10,116.2126,114.0434,117.3709,113.6011,6132939.0,000661
2024-12-11,113.4642,113.0956,114.9911,113.0535,4207498.0,000661
2024-12-12,112.864,113.5906,113.6537,112.0005,4457437.0,000661
2024-12-13,112.706,110.1471,112.9798,110.1471,6406262.0,000661
2024-12-16,110.1471,109.1784,110.3472,108.3149,4470028.0,000661
2024-12-17,108.5676,108.1359,109.2837,107.9358,2860143.0,000661
2024-12-18,108.5571,107.9884,109.0731,107.8305,2992002.0,000661
2024-12-19,106.967,107.3882,107.7989,106.1983,3544111.0,000661
2024-12-20,107.3882,106.3562,107.7883,106.1246,4315569.0,000661
2024-12-23,106.3562,105.0399,106.809,104.9873,4252584.0,000661
2024-12-24,104.9873,105.9245,106.0508,104.9768,2992970.0,000661
2024-12-25,107.0618,105.9982,107.3882,105.3243,2736735.0,000661
2024-12-26,106.0087,105.5138,106.0087,105.3032,2222377.0,000661
2024-12-27,105.6191,106.6827,107.662,105.0505,3832109.0,000661
2024-12-30,106.788,107.2092,108.4096,106.4194,3647845.0,000661
2024-12-31,107.2197,104.7135,107.3566,104.6819,3805349.0,000661
2025-01-02,104.6714,102.3442,105.419,102.0177,4677708.0,000661
2025-01-03,102.3442,100.1539,103.8289,99.838,4220280.0,000661
2025-01-06,100.5646,101.2385,102.5864,100.4698,3659972.0,000661
2025-01-07,100.9858,100.5014,101.228,99.1219,3248109.0,000661
2025-01-08,100.1433,99.4378,100.6277,98.2163,3169385.0,000661
2025-01-09,99.5115,98.6902,99.6905,98.5743,2186500.0,000661
2025-01-10,98.7112,96.8052,98.985,96.8052,2922850.0,000661
2025-01-13,96.7842,97.6161,97.8688,96.4261,2296733.0,000661
2025-01-14,97.9214,99.7116,99.8064,97.4055,3842850.0,000661
2025-01-15,99.6168,99.0798,99.68,98.5638,2117810.0,000661
2025-01-16,99.6274,98.3637,99.7853,98.1215,2814655.0,000661
2025-01-17,98.0794,98.4058,98.8797,97.6161,2370600.0,000661
2025-01-20,99.3536,99.7116,100.5224,98.985,3809460.0,000661
2025-01-21,100.1433,98.6691,100.217,98.29,2573934.0,000661
2025-01-22,98.3216,97.8583,98.6375,97.1738,2057382.0,000661
2025-01-23,98.9113,97.9952,99.7958,97.9952,2392520.0,000661
2025-01-24,97.7845,98.0583,98.5849,97.4476,2335373.0,000661
2025-01-27,98.5743,97.9004,99.8274,97.7846,2768601.0,000661
2025-02-05,98.3532,98.1215,98.7217,97.595,2445655.0,000661
2025-02-06,97.932,100.2276,100.3961,97.3633,3982652.0,000661
2025-02-07,100.038,101.6281,102.3758,99.9643,5034581.0,000661
2025-02-10,101.6702,102.0388,102.2283,100.8383,3714214.0,000661
2025-02-11,102.0388,100.7541,102.123,99.9327,3390016.0,000661
2025-02-12,100.2697,101.0805,101.1542,99.7537,3418021.0,000661
2025-02-13,100.7752,101.7334,102.46,100.5646,4564463.0,000661
2025-02-14,101.5228,102.7338,103.0497,101.4912,4417405.0,000661
2025-02-17,103.1971,101.8808,104.2396,101.2069,5128951.0,000661
2025-02-18,101.4702,100.1855,102.281,99.8801,3961203.0,000661
2025-02-19,100.196,100.8489,101.249,99.5115,3509062.0,000661
2025-02-20,100.8383,102.9971,104.1449,100.554,6385562.0,000661
2025-02-21,102.5864,103.0392,103.9553,101.4702,5874690.0,000661
2025-02-24,103.2077,103.8079,104.3555,102.7759,5795660.0,000661
2025-02-25,102.797,102.0915,103.5025,101.8071,4142110.0,000661
2025-02-26,102.0493,102.9655,102.9865,101.2701,4980683.0,000661
2025-02-27,102.8286,103.1971,104.3344,102.0493,5231255.0,000661
2025-02-28,102.6706,100.017,103.7763,99.9327,6254628.0,000661
2025-03-03,100.017,100.6593,102.2178,99.9643,4229092.0,000661
2025-03-04,100.2486,101.9335,102.6706,99.7853,4323254.0,000661
2025-03-05,101.9335,101.0911,102.0388,100.6277,2865244.0,000661
2025-03-06,101.6176,102.0704,102.439,101.0384,4046003.0,000661
2025-03-07,101.5123,101.1437,102.1441,100.8805,3434140.0,000661
2025-03-10,101.6176,101.5544,102.46,100.6699,3186501.0,000661
2025-03-11,100.8278,104.3976,104.882,100.1644,8906229.0,000661
2025-03-12,104.3871,103.0286,104.7661,102.9865,4194679.0,000661
2025-03-13,103.0497,102.46,103.4709,101.9335,3141979.0,000661
2025-03-14,102.8602,108.4307,108.4623,102.5548,12194146.0,000661
2025-03-17,108.4939,108.3359,110.1471,108.0727,8388734.0,000661
2025-03-18,109.7259,110.8106,112.4428,108.7782,10152696.0,000661
2025-03-19,110.3262,109.0204,110.8211,108.6203,5211665.0,000661
2025-03-20,108.9888,107.0407,109.3047,106.8722,4424132.0,000661
2025-03-21,106.7774,106.6405,107.9252,105.2611,4801346.0,000661
2025-03-24,106.5563,105.0189,106.8512,104.1238,4592079.0,000661
2025-03-25,105.0189,105.4085,105.6928,104.4081,3053787.0,000661
2025-03-26,105.3874,104.208,105.3874,103.3972,3944269.0,000661
2025-03-27,103.9027,104.2818,104.7872,102.8812,4261399.0,000661
2025-03-28,104.2502,105.1242,106.63,103.9448,5971700.0,000661
2025-03-31,104.6819,102.9865,106.0824,101.9335,5336286.0,000661
2025-04-01,102.9549,107.4724,109.3995,102.9549,10389614.0,000661
2025-04-02,107.504,106.8828,107.7252,106.2615,3493363.0,000661
2025-04-03,105.7349,107.325,108.0937,105.7244,4213305.0,000661
2025-04-07,102.2389,99.8274,104.8083,96.721,10412498.0,000661
2025-04-08,100.3645,101.8282,102.3442,100.2171,8025860.0,000661
2025-04-09,100.038,102.3126,102.7759,98.3532,7390506.0,000661
2025-04-10,103.0708,104.3449,105.3032,102.4284,6954110.0,000661
2025-04-11,103.5131,103.2182,104.3555,102.7759,3810774.0,000661
2025-04-14,103.513,103.6394,105.0926,103.3024,4655381.0,000661
2025-04-15,103.2287,101.249,103.5762,100.3645,5905014.0,000661
2025-04-16,100.8068,99.3009,100.9121,98.2268,6132841.0,000661
2025-04-17,98.8902,98.2479,99.4694,98.2479,4417269.0,000661
2025-04-18,97.9846,96.8263,98.6691,96.7526,5566400.0,000661
2025-04-21,89.5077,91.7191,92.4878,87.4017,16807712.0,000661
2025-04-22,90.5607,89.8026,91.3821,89.592,7858814.0,000661
2025-04-23,89.8131,90.3291,90.645,89.6973,5031561.0,000661
2025-04-24,90.3396,89.7604,90.6976,89.6762,4420484.0,000661
2025-04-25,89.771,94.0358,94.7729,89.771,12974408.0,000661
2025-04-28,93.2039,94.2042,94.6149,92.5615,5341178.0,000661
2025-04-29,94.0884,92.1614,94.7308,92.1614,5045636.0,000661
2025-04-30,92.1614,92.5615,92.8564,91.5927,3694700.0,000661
2025-05-06,92.5826,98.6691,99.4799,92.5826,11130008.0,000661
2025-05-07,99.3114,98.5322,100.4066,98.3005,5954987.0,000661
2025-05-08,98.2479,97.6793,98.6375,97.5318,3367301.0,000661
2025-05-09,97.9214,100.8805,101.8808,97.595,9192903.0,000661
2025-05-12,100.5119,99.5221,100.7014,98.6164,5127341.0,000661
2025-05-13,99.6274,103.334,104.3344,99.6274,11047154.0,000661
2025-05-14,102.6706,102.8391,103.3551,102.3336,3700859.0,000661
2025-05-15,102.9128,102.8391,104.5345,102.5442,5828312.0,000661
2025-05-16,102.4811,105.0821,106.2299,102.3652,8162453.0,000661
2025-05-19,105.4927,109.5048,110.105,105.3348,10625582.0,000661
2025-05-20,110.5684,110.5157,113.4642,109.747,10233259.0,000661
2025-05-21,110.3156,110.4525,111.495,108.9993,6698794.0,000661
2025-05-22,109.926,108.8519,110.2103,108.7571,4953749.0,000661
2025-05-23,109.568,107.8199,109.6417,107.5988,4406907.0,000661
2025-05-26,108.694,106.8828,108.873,106.4721,4406220.0,000661
2025-05-27,106.8933,110.5684,110.8737,106.7564,6024814.0,000661
2025-05-28,110.3262,108.6834,110.6105,108.3254,3060942.0,000661
2025-05-29,108.4623,110.1156,111.1265,107.7146,4138385.0,000661
2025-05-30,109.9787,110.105,110.7052,108.8835,3732388.0,000661
2025-06-03,109.5153,108.8309,111.2634,108.0937,3815670.0,000661
2025-06-04,109.1889,113.6116,114.433,107.8937,8012700.0,000661
2025-06-05,113.6116,110.621,113.7906,110.0945,4493456.0,000661
2025-06-06,110.5684,108.4518,110.5684,107.6199,4669630.0,000661
2025-06-09,108.357,111.4318,112.9271,108.357,5355041.0,000661
2025-06-10,111.4318,113.3905,114.2434,110.3051,6541967.0,000661
2025-06-11,113.7275,110.442,113.8854,110.3472,4880200.0,000661
2025-06-12,110.6737,118.2976,119.6981,109.6206,12298954.0,000661
2025-06-13,117.729,116.4653,118.8768,115.3912,8940283.0,000661
2025-06-16,116.3284,114.5172,118.0659,113.5695,6918074.0,000661
2025-06-17,115.307,109.5153,118.5188,109.1046,10036032.0,000661
2025-06-18,109.6101,108.5676,109.9787,107.5777,6146845.0,000661
2025-06-19,108.5465,105.3137,109.2942,104.524,5565787.0,000661
2025-06-20,105.2927,104.2502,105.9245,103.9658,4193792.0,000661
2025-06-23,104.1027,103.9553,104.3765,102.8602,5031503.0,000661
2025-06-24,104.1238,104.7556,105.4296,103.5868,5606977.0,000661
2025-06-25,104.882,104.1554,105.1452,102.7549,7533560.0,000661
2025-06-26,103.7236,102.618,103.7236,101.4702,6996971.0,000661
2025-06-27,102.618,103.85,105.419,102.46,6076051.0,000661
2025-06-30,103.8605,104.4397,104.6714,103.6605,3707711.0,000661
2025-07-01,104.7767,105.3032,105.6507,103.4604,4848242.0,000661
2025-07-02,105.3032,104.0501,105.3137,103.7026,4307720.0,000661
2025-07-03,105.3032,114.454,114.454,105.3032,16243384.0,000661
2025-07-04,117.5935,114.6482,119.2117,113.2781,15317969.0,000661
2025-07-07,114.8964,108.2076,114.8964,108.0781,12134860.0,000661
2025-07-08,108.2076,109.2217,110.2682,107.8408,7915119.0,000661
2025-07-09,109.2325,109.513,112.3072,108.6499,7808049.0,000661
2025-07-10,109.4806,109.3943,110.2574,108.4233,5472724.0,000661
2025-07-11,109.3943,110.0416,110.376,108.747,6027763.0,000661
2025-07-14,108.747,108.6067,109.6101,108.0997,5438300.0,000661
2025-07-15,108.9843,107.2582,109.0706,106.3735,6923755.0,000661
2025-07-16,107.7005,107.269,108.2831,106.7727,4191142.0,000661
2025-07-17,107.2906,110.6889,111.4441,107.1287,9301426.0,000661
2025-07-18,110.6997,109.8258,110.6997,108.8764,5581800.0,000661
2025-07-21,109.8258,110.4516,111.8648,108.747,6580701.0,000661
2025-07-22,110.225,111.142,111.7677,109.6964,6893518.0,000661
2025-07-23,110.8723,109.8474,112.9221,109.6209,8392750.0,000661
2025-07-24,109.8042,113.2565,114.9827,109.6748,11155432.0,000661
2025-07-25,113.2781,111.9296,114.2167,111.8972,6455331.0,000661
2025-07-28,111.9296,112.3935,113.796,111.854,4954487.0,000661
2025-07-29,113.3213,114.2383,115.8565,111.0125,11431770.0,000661
2025-07-30,116.4607,117.3885,119.3843,114.5511,14440401.0,000661
2025-07-31,117.1943,113.8391,117.3885,113.386,9189631.0,000661
2025-08-01,113.4076,114.0225,118.2947,112.9221,7779683.0,000661
2025-08-04,112.7387,113.0408,114.864,110.1495,7474489.0,000661
2025-08-05,113.2781,113.4615,114.3354,112.2316,4992860.0,000661
2025-08-06,113.5047,111.9835,113.9901,111.6922,4798268.0,000661
2025-08-07,111.9835,112.6955,113.2242,111.8972,4297277.0,000661
2025-08-08,112.5121,113.2242,115.3279,112.1993,5458640.0,000661
2025-08-11,113.1379,112.674,113.1486,111.2175,5864796.0,000661
2025-08-12,112.9545,112.264,113.8175,111.7138,5202418.0,000661
2025-08-13,112.2856,111.6706,112.469,111.1204,6721769.0,000661
2025-08-14,111.6599,110.0416,111.7677,109.8474,5883883.0,000661
2025-08-15,110.225,110.1818,110.635,109.8042,5325242.0,000661
2025-08-18,110.2789,111.1096,111.6599,110.2681,6000362.0,000661
2025-08-19,111.2283,111.2715,112.2964,110.9586,5148063.0,000661
2025-08-20,110.9586,110.9047,111.0126,109.9337,5279129.0,000661
2025-08-21,111.2607,111.6491,112.4582,111.0773,5448523.0,000661
2025-08-22,112.1885,111.4765,112.1885,111.0126,5565972.0,000661
2025-08-25,111.4657,112.976,113.4399,111.4009,8687838.0,000661
2025-08-26,112.9976,112.9005,113.8175,112.3395,7585270.0,000661
2025-08-27,112.7387,110.376,113.5047,110.3653,8110479.0,000661
2025-08-28,110.2142,109.7072,110.7428,107.5495,8661729.0,000661
2025-08-29,109.6532,111.1852,112.3395,109.1893,7317219.0,000661
2025-09-01,113.6126,122.308,122.308,113.6126,21167698.0,000661
2025-09-02,129.6657,134.542,134.542,128.9752,22094747.0,000661
2025-09-03,136.074,132.7943,137.8433,131.4889,32941544.0,000661
2025-09-04,132.8698,128.425,133.7761,126.2242,19333004.0,000661
2025-09-05,128.479,138.0914,140.0981,125.1453,27010744.0,000661
2025-09-08,138.0914,137.5412,141.9429,135.5346,14541083.0,000661
2025-09-09,136.074,134.1321,137.5412,132.8051,12586160.0,000661
2025-09-10,133.7868,131.5644,135.2756,131.079,8542287.0,000661
2025-09-11,127.303,134.1644,134.4557,125.1453,14232096.0,000661
2025-09-12,133.7437,135.6101,136.1711,133.0964,9448316.0,000661
2025-09-15,135.718,136.8076,141.3279,134.3263,12130345.0,000661
2025-09-16,136.2574,133.6142,137.2283,132.8159,7873726.0,000661
2025-09-17,133.7761,133.6466,135.5022,131.3487,7051487.0,000661
2025-09-18,135.0707,140.5835,146.1827,134.0134,23382828.0,000661
2025-09-19,140.6267,135.0922,141.3063,134.5312,13153545.0,000661
2025-09-22,136.4084,131.7263,137.3039,131.1653,10277861.0,000661
2025-09-23,131.3487,127.9503,132.0391,126.2242,10475276.0,000661
2025-09-24,128.3711,130.0001,130.6474,127.0549,7649477.0,000661
2025-09-25,130.108,132.2225,133.42,129.2557,9312107.0,000661
2025-09-26,131.1437,136.8939,143.2698,130.5395,17904379.0,000661
2025-09-29,137.4873,139.0624,139.6341,135.7288,10174809.0,000661
2025-09-30,139.7097,140.2491,142.1586,138.0914,7638145.0,000661
2025-10-09,140.2491,139.44,141.1769,135.664,8620286.0,000661
2025-10-10,139.4507,147.0458,152.947,139.1703,17884592.0,000661
2025-10-13,141.6516,142.4715,144.2408,140.3786,10304586.0,000661
2025-10-14,143.4856,134.3263,143.8416,132.9238,11916339.0,000661
2025-10-15,134.2507,137.1852,137.4441,133.8839,6111723.0,000661
2025-10-16,135.9553,134.9196,137.552,133.7761,5687169.0,000661
2025-10-17,134.9196,130.8308,135.2001,130.6582,6141992.0,000661
2025-10-20,132.147,130.669,132.8267,130.2267,3885339.0,000661
2025-10-21,131.1221,129.7628,131.5968,129.1155,5888941.0,000661
2025-10-22,129.752,128.5005,131.1221,128.2524,4076898.0,000661
2025-10-23,128.0582,126.9254,128.0906,125.0375,5573176.0,000661
2025-10-24,126.9902,127.1304,128.1769,125.8466,5092938.0,000661
2025-10-27,128.3819,125.2964,130.1727,124.0557,10802075.0,000661
2025-10-28,124.4873,125.6848,126.5478,123.43,5823874.0,000661
2025-10-29,125.1777,126.8175,126.8175,122.7719,7085591.0,000661
2025-10-30,126.0839,124.2823,126.8715,124.0773,6783357.0,000661
2025-10-31,118.6831,121.1105,123.7428,118.6831,11017736.0,000661
2025-11-03,121.8009,116.752,122.5022,115.5437,12124452.0,000661
2025-11-04,116.5794,115.1661,117.2482,114.4648,7024048.0,000661
2025-11-05,114.1412,113.6773,115.9644,113.1702,7308926.0,000661
2025-11-06,113.6773,114.3893,114.4217,112.9545,6125744.0,000661
2025-11-07,114.0872,112.7387,114.7669,112.3719,6848939.0,000661
2025-11-10,112.7495,113.3428,113.8175,111.552,11750952.0,000661
2025-11-11,113.386,111.8217,113.4939,111.7462,7622265.0,000661
2025-11-12,111.8217,111.5951,113.2565,111.4225,8734548.0,000661
2025-11-13,111.5951,112.6955,112.8034,110.8507,7764879.0,000661
2025-11-14,112.1993,112.7926,114.7885,111.8325,10807339.0,000661
2025-11-17,113.1594,110.2142,113.5478,110.074,9107348.0,000661
2025-11-18,109.9121,110.6889,110.7321,109.8258,4487840.0,000661
2025-11-19,110.4192,110.3868,111.0126,109.5777,4316993.0,000661
2025-11-20,110.376,109.7072,111.0449,109.6424,3859365.0,000661
2025-11-21,108.747,106.708,109.3727,106.4922,6731229.0,000661
2025-11-24,106.8051,107.1935,107.5603,106.4599,3719824.0,000661
2025-11-25,107.5495,107.3013,108.7362,107.0424,5312683.0,000661
2025-11-26,107.0856,107.4092,109.0706,106.9453,4893007.0,000661
2025-11-27,107.1827,107.5171,108.0026,106.6864,3934717.0,000661
2025-11-28,107.7976,107.0856,107.8515,106.8266,3813868.0,000661
2025-12-01,106.9345,107.981,108.0889,106.9238,4179954.0,000661
2025-12-02,108.0134,106.7835,108.0673,106.6109,4448416.0,000661
2025-12-03,106.7943,108.1752,108.9088,106.7943,4894253.0,000661
2025-12-04,107.6682,107.2258,108.4125,106.8267,2853926.0,000661
2025-12-05,106.9238,107.5926,107.6142,104.3777,5830879.0,000661
2025-12-08,107.9594,107.0208,108.3694,106.8266,5467095.0,000661
2025-12-09,106.8051,103.7735,106.9885,103.5793,7507908.0,000661
2025-12-10,103.7735,102.9752,103.7735,101.4109,6664825.0,000661
2025-12-11,102.9752,101.4217,103.191,101.4109,5034835.0,000661
2025-12-12,101.4432,101.0333,101.9611,100.6665,5726702.0,000661
2025-12-15,101.0333,99.3179,101.0333,98.9511,6143856.0,000661
2025-12-16,103.2449,103.0615,106.6433,102.274,16202515.0,000661
2025-12-17,102.4897,102.8242,102.9428,100.1271,7805776.0,000661
2025-12-18,102.274,102.8781,104.4101,102.22,5054588.0,000661
2025-12-19,102.4897,103.547,104.0756,102.1661,4492020.0,000661
2025-12-22,103.5578,102.6947,103.6657,102.5221,4935973.0,000661
2025-12-23,102.576,101.0764,102.5976,100.9793,5396387.0,000661
2025-12-24,100.9686,101.508,101.5943,100.5478,3836895.0,000661
2025-12-25,101.4109,102.0258,102.4574,101.0657,3804343.0,000661
2025-12-26,101.7885,101.8101,102.3171,101.4109,3701234.0,000661
2025-12-29,101.8101,100.5802,101.8101,100.2997,5322399.0,000661
2025-12-30,100.332,100.0515,100.9578,99.9652,3502590.0,000661
2025-12-31,100.2457,99.8466,100.9146,99.7279,3113718.0,000661
2026-01-05,99.7926,102.274,102.274,99.5445,8399980.0,000661
2026-01-06,102.4358,103.5038,103.6009,102.1553,7708154.0,000661
2026-01-07,103.5686,102.781,103.9569,102.4897,7003652.0,000661
2026-01-08,102.63,104.2806,104.8092,102.3171,8245874.0,000661
2026-01-09,104.5395,105.6184,105.6184,103.7951,8141868.0,000661
2026-01-12,105.7262,111.7354,115.0582,105.1868,16942649.0,000661
2026-01-13,112.1993,111.6599,114.4648,109.1138,15974210.0,000661
2026-01-14,110.7968,109.7395,113.1702,108.747,13684483.0,000661
2026-01-15,110.0416,107.9918,111.5628,107.8839,8505562.0,000661
2026-01-16,109.5022,107.2366,109.8258,106.654,8620618.0,000661
2026-01-19,106.8159,106.913,107.3769,106.0607,6811668.0,000661
2026-01-20,106.913,106.0175,107.4416,105.4781,6080889.0,000661
2026-01-21,105.7154,105.3918,106.5138,105.0466,5775423.0,000661
2026-01-22,105.5968,105.1868,106.1038,104.874,5132412.0,000661
2026-01-23,105.4026,106.5893,106.7943,105.2623,6541045.0,000661
2026-01-26,106.8159,109.7827,109.9445,106.2225,11259843.0,000661
2026-01-27,109.7935,107.3445,109.869,106.913,7855003.0,000661
2026-01-28,107.3661,105.0789,108.3047,105.0789,7993775.0,000661
2026-01-29,105.0789,106.0499,106.1362,103.1047,6465302.0,000661
2026-01-30,105.942,103.4607,106.4275,103.3528,6028899.0,000661
2026-02-02,97.074,97.1063,99.3395,96.7287,10899994.0,000661
2026-02-03,97.4408,97.7752,98.4441,97.2034,3946626.0,000661
2026-02-04,97.786,98.6167,99.0266,96.9876,4772169.0,000661
2026-02-05,98.2822,98.3362,98.9295,98.0017,3589625.0,000661
2026-02-06,98.1528,97.3868,98.2822,97.1063,3949905.0,000661
2026-02-09,98.1528,97.4947,98.1744,97.3221,3758530.0,000661
2026-02-10,97.43,96.3188,97.6997,96.1785,6367816.0,000661
2026-02-11,96.3296,95.0349,96.459,94.9486,6536175.0,000661
2026-02-12,95.0349,94.5063,95.2831,94.3445,4224499.0,000661
2026-02-13,94.5171,94.269,95.2291,94.1395,3582210.0,000661
2026-02-24,94.9702,95.391,95.4881,94.5387,3095933.0,000661
2026-02-25,95.4017,104.9279,104.9279,95.4017,16792596.0,000661
2026-02-26,110.0416,106.2657,114.357,105.9744,33191294.0,000661
2026-02-27,102.5437,103.3204,104.7337,101.1627,17022781.0,000661
2026-03-02,101.1196,99.1777,101.1412,98.1204,13843922.0,000661
2026-03-03,99.0374,97.02,100.5262,96.9445,9356013.0,000661
2026-03-04,96.0167,96.0167,97.5271,95.7685,6701673.0,000661
2026-03-05,97.0092,96.254,97.225,95.8009,5352709.0,000661
2026-03-06,96.0383,98.0988,98.1636,95.9088,5961467.0,000661
2026-03-09,97.0739,97.376,97.5918,95.8872,5012787.0,000661
2026-03-10,97.6134,98.4009,98.498,97.6134,4652920.0,000661
2026-03-11,99.2748,98.498,99.8358,97.9586,4766730.0,000661
2026-03-12,98.2715,97.2897,98.2822,96.9661,4353342.0,000661
2026-03-13,97.2358,97.0955,97.6349,96.9984,3322142.0,000661
2026-03-16,96.9876,98.4333,98.7461,96.6748,4299935.0,000661
2026-03-17,98.6814,97.7752,99.3071,97.5055,4295855.0,000661
2026-03-18,97.43,97.3868,97.7428,96.5777,3273618.0,000661
2026-03-19,96.6101,95.9843,97.0632,95.7685,3877685.0,000661
2026-03-20,95.8872,94.7868,96.4266,94.6142,3857644.0,000661
2026-03-23,93.8482,90.3636,93.8482,90.3528,6999712.0,000661
2026-03-24,91.6366,91.5395,91.6798,90.4067,3109001.0,000661
2026-03-25,92.1976,92.5752,92.9852,91.8308,2939384.0,000661
2026-03-26,92.5968,91.3777,93.0067,91.3561,2896179.0,000661
2026-03-27,90.4607,93.3412,93.6324,90.4067,4076214.0,000661
2026-03-30,92.586,93.2549,94.0316,92.4134,3202121.0,000661
2026-03-31,93.4491,92.6399,94.9055,92.6183,3714046.0,000661
2026-04-01,93.9669,95.132,95.2076,92.8125,5940040.0,000661
2026-04-02,94.9918,93.6972,95.132,93.5677,4759127.0,000661
2026-04-03,93.298,91.3561,93.298,91.3345,3713362.0,000661
2026-04-07,91.3669,91.5611,92.2084,90.7088,2399300.0,000661
2026-04-08,92.7047,93.6432,93.6972,92.4565,4846733.0,000661
2026-04-09,92.9959,91.8524,93.2872,91.8308,4125987.0,000661
2026-04-10,91.9926,92.7802,94.1503,91.9926,4497882.0,000661
2026-04-13,92.3163,92.0789,92.4134,91.7445,2911144.0,000661
2026-04-14,92.3486,93.2009,93.9885,91.7337,4202815.0,000661
2026-04-15,94.5495,93.6109,94.8192,93.4922,4900401.0,000661
2026-04-16,93.6109,94.1827,94.5926,92.8233,4432470.0,000661
2026-04-17,94.1503,93.4491,94.9378,93.2441,4050331.0,000661
2026-04-20,93.2117,93.8482,93.859,92.2515,3945089.0,000661
2026-04-21,93.7295,95.2615,95.4773,93.1793,5902499.0,000661
2026-04-22,93.2549,93.9237,94.5063,92.4781,6759393.0,000661
2026-04-23,94.0208,92.3702,94.0208,92.1221,5005062.0,000661
2026-04-24,92.025,92.1221,92.7478,91.5611,3376374.0,000661
2026-04-27,92.1437,91.82,92.3486,91.4316,3062185.0,000661
2026-04-28,91.7121,92.3486,92.6507,91.6258,3319658.0,000661
2026-04-29,92.2084,92.1976,92.6183,91.7013,3216629.0,000661
2026-04-30,92.0466,91.6258,92.1329,91.5934,3387556.0,000661
2026-05-06,91.615,92.1221,92.3486,91.615,3184609.0,000661
2026-05-07,92.6507,94.3229,94.83,92.0789,7235842.0,000661
2026-05-08,94.3984,93.4167,94.625,93.2656,4671405.0,000661
2026-05-11,94.2798,97.0955,97.0955,93.6972,11905371.0,000661
2026-05-12,96.0383,95.8549,96.8798,94.9486,7739242.0,000661
2026-05-13,95.8764,94.0208,96.1246,93.9453,6427411.0,000661
2026-05-14,93.9669,92.0142,94.0208,91.9387,5846413.0,000661
2026-05-15,91.7337,90.7843,92.5644,90.6225,4927771.0,000661
2026-05-18,90.6225,89.1337,90.6656,89.0042,4728878.0,000661
2026-05-19,89.22,89.9536,90.2557,89.22,2946304.0,000661
2026-05-20,89.932,87.4615,89.932,87.181,5259582.0,000661
2026-05-21,87.4615,86.9544,88.2275,86.7171,3998170.0,000661
2026-05-22,87.2673,85.2283,87.3752,84.991,4717606.0,000661
2026-05-25,85.3796,86.2228,87.5633,84.05,4937578.0,000661
2026-05-26,86.0499,84.0608,86.0499,83.5635,4657971.0,000661
2026-05-27,83.6716,81.9528,83.6716,80.5366,8316059.0,000661
2026-05-28,81.1204,78.9151,81.5744,78.5908,6542404.0,000661
2026-05-29,78.4827,79.5313,81.8555,78.007,8770988.0,000661
2026-06-01,78.9151,79.0772,79.8015,78.0286,5462058.0,000661
2026-06-02,79.1421,77.4665,79.4448,77.0773,6207744.0,000661
2026-06-03,77.2071,75.2936,77.4233,74.7207,8767524.0,000661
2026-06-04,74.9153,73.618,75.5423,73.1856,6512102.0,000661
2026-06-05,74.991,73.9748,75.4234,73.6397,5370853.0,000661
2026-06-08,73.2613,71.4884,73.7261,70.8939,6719123.0,000661
2026-06-09,71.7262,71.5749,72.2776,70.3101,4872252.0,000661
2026-06-10,71.1533,71.5209,71.9425,70.1588,6771312.0,000661
2026-06-11,70.8074,69.5318,71.7046,69.2615,7319045.0,000661
2026-06-12,69.8993,71.8884,71.8884,69.0993,15388576.0,000661
2026-06-15,70.602,70.829,71.7695,69.6615,9105081.0,000661
2026-06-16,70.6776,70.1155,71.2398,69.6074,5355108.0,000661
2026-06-17,69.9317,68.9588,70.429,68.6561,5815945.0,000661
2026-06-18,68.7318,69.2939,70.9155,68.1156,6809485.0,000661
2026-06-22,68.9264,70.4506,70.4831,66.8832,10389862.0,000661
2026-06-23,70.4831,71.002,75.1747,70.4831,11014590.0,000661
2026-06-24,71.3479,70.7641,72.8505,70.0507,9400729.0,000661
2026-06-25,70.3425,70.9263,71.7371,68.0507,9317893.0,000661
2026-06-26,70.4831,67.8886,71.3911,67.867,6658656.0,000661
2026-06-29,67.8454,73.2397,74.0396,66.04,15481210.0,000661
2026-06-30,72.9694,71.9965,73.4451,70.7317,9035083.0,000661
2026-07-01,71.6722,75.9639,76.4612,70.5804,14750337.0,000661
2026-07-02,75.0558,74.7099,77.4125,74.5153,11693557.0,000661
2026-07-03,75.5963,74.5477,76.0828,73.6397,8128111.0,000661
2026-07-06,74.3748,75.0882,77.2935,73.1964,11370354.0,000661
2026-07-07,74.2126,71.4127,74.2234,71.3479,9303741.0,000661
2026-07-08,71.456,70.7641,73.0343,70.602,6526788.0,000661
2026-07-09,70.375,71.229,72.6451,69.5642,6284099.0,000661
2026-07-10,70.8506,75.1315,76.9368,69.7263,14762440.0,000661
2026-07-13,74.6018,75.0558,75.8233,73.9424,9050368.0,000661
2026-07-14,74.8072,77.4016,79.3475,74.1153,13664339.0,000661
2026-07-15,75.1315,77.8881,81.0771,74.4288,17538734.0,000661
2026-07-16,77.2179,82.0933,83.1095,76.7855,18129245.0,000661
2026-07-17,81.1852,78.353,82.6446,78.0286,14076881.0,000661
2026-07-20,77.2503,79.4772,80.3529,76.5152,10596179.0,000661
2026-07-21,78.6664,81.2717,82.1257,77.8881,12027857.0,000661
2026-07-22,81.2717,83.7149,84.2013,80.2988,13759693.0,000661
2026-07-23,83.704,84.7094,89.6929,83.2392,18694136.0,000661
2026-07-24,84.2121,81.5204,85.3904,81.3798,10254732.0,000661
2026-07-27,82.4717,86.2661,86.9147,82.169,11018391.0,000661
2026-07-28,85.8877,86.0283,86.6985,83.7797,10156289.0,000661
2026-07-29,86.0066,87.7255,88.9146,85.6175,10529172.0,000661
2026-07-30,87.7471,87.012,88.8497,86.2769,9424792.0,000661
2026-07-31,85.7256,87.5633,89.174,85.4985,8822280.0,000661
2026-08-03,87.8876,85.0121,88.0065,84.7526,8583221.0,000661
2026-08-04,84.7635,83.423,85.6931,83.1743,11391329.0,000661
2026-08-05,83.4554,83.1851,84.2878,82.6122,8173107.0,000661
2026-08-06,83.7689,81.2393,84.3202,80.8501,8854039.0,000661
2026-08-07,80.9042,87.0336,87.1958,80.3853,17366167.0,000661
2026-08-10,87.4552,89.7254,90.5145,87.0228,13399781.0,000661
2026-08-11,88.9578,93.8333,98.3736,88.7633,26448352.0,000661
2026-08-12,93.8117,93.163,95.7575,92.9685,11132805.0,000661
2026-08-13,92.9685,92.3739,94.8062,91.909,10069500.0,000661
2026-08-14,91.8874,91.4442,93.4657,90.4605,7090869.0,000661
2026-08-17,91.1848,91.3793,92.8171,90.0281,6380616.0,000661
2026-08-18,90.7848,89.5092,91.9739,89.2065,7312324.0,000661
2026-08-19,89.1092,87.5201,90.1902,87.2282,5799803.0,000661
2026-08-20,90.1578,91.1307,92.0604,89.0876,13590207.0,000661
2026-08-21,89.0227,85.9418,90.8064,85.931,12589629.0,000661
2026-08-24,85.4013,82.2771,85.8985,82.1906,8003261.0,000661
2026-08-25,82.1582,86.2661,87.012,81.8339,9695092.0,000661
2026-08-26,86.2661,84.8716,87.1309,84.5364,5599408.0,000661
2026-08-27,84.3202,83.2824,84.8716,82.4933,6367400.0,000661
2026-08-28,82.9041,82.0717,83.077,81.9744,4467408.0,000661
2026-08-31,81.0771,79.1313,81.5852,78.2665,11147776.0,000661
2026-09-01,78.9151,81.1636,82.6879,78.5259,8565821.0,000661
2026-09-02,81.4771,80.2123,82.6446,79.9313,4438784.0,000661
2026-09-03,80.2339,80.0826,81.4771,79.5961,3452936.0,000661
2026-09-04,80.5474,79.715,81.2609,79.4448,3985420.0,000661
