date,open,close,high,low,volume,code
2020-01-02,93.0,93.63,94.95,91.5,1504628.0,601799
2020-01-03,93.01,92.69,93.96,92.2,577999.0,601799
2020-01-06,92.1,93.61,95.96,92.1,1038824.0,601799
2020-01-07,94.04,95.16,96.85,93.13,1252223.0,601799
2020-01-08,97.9,97.9,97.9,97.9,1480697.0,601799
2020-01-09,97.78,99.54,102.74,97.78,1157845.0,601799
2020-01-10,99.8,98.5,101.5,97.62,1272882.0,601799
2020-01-13,99.74,99.74,99.74,99.74,1433922.0,601799
2020-01-14,99.87,99.87,99.87,99.87,1007675.0,601799
2020-01-15,100.0,100.54,102.28,99.67,825933.0,601799
2020-01-16,99.86,102.0,102.5,99.13,1653279.0,601799
2020-01-17,102.0,101.35,102.18,99.1,970126.0,601799
2020-01-20,101.17,101.36,102.37,99.6,1049024.0,601799
2020-01-21,101.3,101.2,101.58,98.55,1085787.0,601799
2020-01-22,101.4,102.15,102.48,99.5,1242509.0,601799
2020-01-23,102.17,98.5,103.14,98.0,1188190.0,601799
2020-02-03,88.65,89.0,93.66,88.65,1163465.0,601799
2020-02-04,91.03,96.98,97.54,90.59,1993923.0,601799
2020-02-05,97.8,93.43,98.49,93.0,2344448.0,601799
2020-02-06,93.32,93.43,93.77,91.28,2223409.0,601799
2020-02-07,92.02,93.45,94.21,88.0,3008013.0,601799
2020-02-10,92.99,94.59,96.24,92.34,1671701.0,601799
2020-02-11,94.5,98.78,99.59,93.65,2042242.0,601799
2020-02-12,97.83,97.08,98.0,95.38,1388214.0,601799
2020-02-13,96.1,94.06,96.94,93.68,1120573.0,601799
2020-02-14,93.78,93.86,95.49,93.0,1103733.0,601799
2020-02-17,95.14,98.0,98.58,92.8,2065478.0,601799
2020-02-18,98.41,96.52,99.8,95.77,1348320.0,601799
2020-02-19,96.22,95.24,98.5,95.19,1560401.0,601799
2020-02-20,95.89,97.08,97.2,94.58,1015995.0,601799
2020-02-21,96.8,98.33,98.33,94.0,2125056.0,601799
2020-02-24,98.3,95.63,98.8,95.51,2342350.0,601799
2020-02-25,94.5,95.36,96.44,93.0,2255168.0,601799
2020-02-26,94.85,93.32,96.2,93.02,1587380.0,601799
2020-02-27,93.79,97.49,97.9,93.79,1920161.0,601799
2020-02-28,96.14,97.3,98.36,93.5,2402685.0,601799
2020-03-02,97.3,100.1,100.1,95.91,3276762.0,601799
2020-03-03,100.9,97.45,101.3,96.35,3080521.0,601799
2020-03-04,96.03,98.27,98.59,95.24,1559812.0,601799
2020-03-05,98.0,99.42,99.91,97.81,1430311.0,601799
2020-03-06,97.5,100.5,102.32,97.5,1057487.0,601799
2020-03-09,100.0,97.21,100.0,96.66,1367578.0,601799
2020-03-10,97.0,103.1,104.18,96.5,2156562.0,601799
2020-03-11,104.0,101.84,104.49,98.9,1764297.0,601799
2020-03-12,99.9,98.98,100.75,97.6,1435540.0,601799
2020-03-13,94.04,98.8,99.82,92.05,1385981.0,601799
2020-03-16,97.28,91.5,98.79,91.1,1601661.0,601799
2020-03-17,90.5,87.2,92.97,84.83,3228526.0,601799
2020-03-18,87.03,87.5,92.35,86.9,2256731.0,601799
2020-03-19,88.38,85.03,88.54,82.0,3558899.0,601799
2020-03-20,85.88,87.07,87.99,85.04,1337940.0,601799
2020-03-23,86.0,79.65,86.0,79.0,2619408.0,601799
2020-03-24,81.28,81.36,82.39,78.01,2950571.0,601799
2020-03-25,83.6,85.32,88.11,82.21,2720987.0,601799
2020-03-26,84.74,84.6,86.0,83.12,2029635.0,601799
2020-03-27,85.37,85.94,87.0,85.0,1478917.0,601799
2020-03-30,83.5,82.03,84.49,81.67,1117398.0,601799
2020-03-31,83.0,83.76,85.79,82.25,1160032.0,601799
2020-04-01,83.59,82.85,84.88,82.26,945814.0,601799
2020-04-02,82.85,84.88,85.4,82.14,1344026.0,601799
2020-04-03,85.39,83.43,85.69,82.66,950775.0,601799
2020-04-07,86.0,86.08,87.35,84.39,936430.0,601799
2020-04-08,86.1,85.55,86.9,85.17,851469.0,601799
2020-04-09,85.55,87.23,89.2,85.5,1020873.0,601799
2020-04-10,88.01,87.3,88.36,86.36,481829.0,601799
2020-04-13,85.9,82.35,87.88,81.37,1558133.0,601799
2020-04-14,82.5,85.4,85.8,82.5,1850070.0,601799
2020-04-15,86.72,85.8,89.3,85.15,1902144.0,601799
2020-04-16,86.5,87.28,88.29,85.2,1082349.0,601799
2020-04-17,87.28,90.33,91.0,87.03,1603321.0,601799
2020-04-20,95.0,98.9,99.36,95.0,3973867.0,601799
2020-04-21,98.51,99.0,99.73,96.72,2125055.0,601799
2020-04-22,97.99,98.28,99.71,96.71,2027426.0,601799
2020-04-23,98.27,99.59,99.96,97.17,1839359.0,601799
2020-04-24,98.98,99.88,100.9,98.03,1168808.0,601799
2020-04-27,99.51,100.63,100.88,99.03,827883.0,601799
2020-04-28,100.48,99.18,100.69,98.5,908761.0,601799
2020-04-29,99.45,99.35,100.25,97.72,1100292.0,601799
2020-04-30,100.18,99.21,103.8,98.89,1446737.0,601799
2020-05-06,99.36,102.24,104.48,98.03,2122839.0,601799
2020-05-07,102.31,106.92,107.21,101.31,1754143.0,601799
2020-05-08,106.92,108.21,110.28,104.02,1340980.0,601799
2020-05-11,108.48,111.5,111.55,107.22,1067388.0,601799
2020-05-12,111.0,110.15,113.39,109.55,1172703.0,601799
2020-05-13,111.12,112.4,112.99,108.32,775342.0,601799
2020-05-14,112.31,110.11,112.31,109.42,1144316.0,601799
2020-05-15,111.11,110.4,112.59,108.09,1411996.0,601799
2020-05-18,110.5,112.01,113.28,108.52,1224090.0,601799
2020-05-19,112.58,111.2,113.17,110.5,802125.0,601799
2020-05-20,111.33,110.26,112.47,108.3,1494451.0,601799
2020-05-21,110.32,110.22,112.47,109.5,1347338.0,601799
2020-05-22,112.0,109.7,112.0,108.59,732599.0,601799
2020-05-25,110.8,111.0,112.0,107.56,1583125.0,601799
2020-05-26,112.0,110.52,113.21,110.08,1479905.0,601799
2020-05-27,111.0,111.4,113.74,109.5,1395859.0,601799
2020-05-28,111.9,108.95,112.9,107.8,1913380.0,601799
2020-05-29,109.67,108.92,116.78,108.62,2131059.0,601799
2020-06-01,110.27,113.3,115.51,110.27,2201105.0,601799
2020-06-02,113.81,107.75,115.36,105.09,3161009.0,601799
2020-06-03,107.75,110.69,113.86,107.5,2537383.0,601799
2020-06-04,112.51,114.0,115.3,112.0,1826231.0,601799
2020-06-05,113.95,113.5,116.59,113.22,2030909.0,601799
2020-06-08,115.0133,113.2982,116.8697,112.2086,1374858.0,601799
2020-06-09,114.8116,116.2442,117.2026,111.008,1249667.0,601799
2020-06-10,115.4371,117.2632,119.0388,114.0044,911270.0,601799
2020-06-11,117.9088,118.726,121.6417,117.7676,1472051.0,601799
2020-06-12,118.605,119.8056,120.5017,117.6364,1180276.0,601799
2020-06-15,120.0578,116.0222,120.5622,115.316,1690515.0,601799
2020-06-16,117.5053,119.2305,120.8447,117.5053,1126239.0,601799
2020-06-17,120.4109,119.9771,121.3492,117.0311,1127995.0,601799
2020-06-18,119.9468,120.2091,122.358,118.0501,867621.0,601799
2020-06-19,120.3503,120.764,122.0755,118.5444,1546095.0,601799
2020-06-22,120.4714,123.0138,125.5058,119.9872,1664831.0,601799
2020-06-23,122.4589,123.034,124.0933,119.6845,1429286.0,601799
2020-06-24,122.6103,123.1248,125.4957,121.5711,1369172.0,601799
2020-06-29,123.1349,123.8613,124.2245,121.5812,864012.0,601799
2020-06-30,125.0921,128.1289,131.8012,123.6494,1092220.0,601799
2020-07-01,128.8957,128.5022,129.6422,125.2637,1086312.0,601799
2020-07-02,127.2512,125.4352,128.371,123.4981,1535405.0,601799
2020-07-03,125.7075,125.4049,127.4025,124.053,1322127.0,601799
2020-07-06,125.2132,127.4327,129.7935,125.2132,1904298.0,601799
2020-07-07,128.6232,132.9716,139.8925,127.5034,2643597.0,601799
2020-07-08,133.1733,131.1959,134.0309,126.7467,2259480.0,601799
2020-07-09,130.187,131.9627,134.0612,129.7128,1810007.0,601799
2020-07-10,131.5288,131.0748,134.1822,130.1467,1734480.0,601799
2020-07-13,130.1467,131.1051,132.1645,129.6422,2479792.0,601799
2020-07-14,131.0648,130.7419,131.317,126.6862,2077916.0,601799
2020-07-15,129.3598,133.476,137.1786,129.3598,1987785.0,601799
2020-07-16,133.2742,126.2221,135.9982,126.1111,1925323.0,601799
2020-07-17,125.2939,130.6612,131.7407,124.0933,1854848.0,601799
2020-07-20,132.346,132.3359,135.292,127.6244,2431994.0,601799
2020-07-21,132.6689,138.4498,140.518,131.2463,2061930.0,601799
2020-07-22,137.7133,136.2807,143.4539,135.4938,1900632.0,601799
2020-07-23,137.7032,141.7489,141.9406,134.6867,1648643.0,601799
2020-07-24,141.7489,136.2504,142.1726,136.2101,1971110.0,601799
2020-07-27,137.6629,139.7311,141.7489,137.0979,1958199.0,601799
2020-07-28,141.1637,145.1892,146.4806,139.721,1516574.0,601799
2020-07-29,146.2889,147.1061,147.5601,142.3441,1237326.0,601799
2020-07-30,147.1061,145.8853,148.004,143.8272,1153423.0,601799
2020-07-31,145.9862,150.3244,154.36,145.8853,1404845.0,601799
2020-08-03,150.3244,148.1755,151.8176,146.2889,1660339.0,601799
2020-08-04,148.8111,146.9951,149.7595,145.5524,1538777.0,601799
2020-08-05,146.2889,147.6408,148.8111,145.3607,988766.0,601799
2020-08-06,147.3583,145.9862,148.4984,142.5258,1483819.0,601799
2020-08-07,146.0569,145.6029,148.0646,142.9596,841834.0,601799
2020-08-10,145.5827,145.5827,146.8438,142.778,928206.0,601799
2020-08-11,145.502,148.1856,150.2437,143.7667,1658366.0,601799
2020-08-12,147.7619,144.3619,149.3156,133.365,1848992.0,601799
2020-08-13,146.2889,153.1292,153.3007,144.937,2441522.0,601799
2020-08-14,150.5464,158.557,160.2923,148.5488,2102837.0,601799
2020-08-17,158.4158,155.2478,158.557,154.5315,1409489.0,601799
2020-08-18,157.8911,166.5272,170.7746,156.2567,2812788.0,601799
2020-08-19,169.3622,166.5171,171.3699,163.097,2098177.0,601799
2020-08-20,168.3634,165.4578,169.2916,163.6418,2356132.0,601799
2020-08-21,165.4578,166.8602,167.8791,164.1059,1327873.0,601799
2020-08-24,166.5373,165.4981,168.2827,164.4489,1242180.0,601799
2020-08-25,165.6595,164.1664,167.1325,163.9444,1062487.0,601799
2020-08-26,165.7302,166.3557,169.9776,164.4791,1400654.0,601799
2020-08-27,168.2827,167.2738,168.9284,161.4525,1691445.0,601799
2020-08-28,167.2738,169.9978,172.298,166.4666,1349591.0,601799
2020-08-31,170.4719,167.072,171.6624,166.8601,1066216.0,601799
2020-09-01,168.1414,172.52,174.5378,167.304,1257500.0,601799
2020-09-02,173.5289,174.336,175.0422,170.7141,1332833.0,601799
2020-09-03,174.0333,170.8251,176.3941,169.0292,1289076.0,601799
2020-09-04,167.4856,169.4933,170.6737,165.5082,1157882.0,601799
2020-09-07,170.5022,157.9718,170.8755,156.3778,2166436.0,601799
2020-09-08,161.4121,155.3689,163.1676,151.6461,2879960.0,601799
2020-09-09,152.6247,149.2449,154.5517,147.8123,1496921.0,601799
2020-09-10,151.8176,157.8911,161.2507,150.9197,1973791.0,601799
2020-09-11,160.6151,158.4662,161.3617,155.5606,1144351.0,601799
2020-09-14,158.4662,156.4787,160.1914,151.9488,1797637.0,601799
2020-09-15,158.5772,163.5308,165.2258,158.3956,2112825.0,601799
2020-09-16,163.9848,166.4566,168.1313,163.9445,1304665.0,601799
2020-09-17,165.2459,162.5824,168.323,161.5332,1890890.0,601799
2020-09-18,163.44,159.4952,163.44,155.3689,1708717.0,601799
2020-09-21,159.4044,156.3778,160.2519,154.6929,1371885.0,601799
2020-09-22,157.6389,156.1054,159.0009,154.8846,1093023.0,601799
2020-09-23,157.6187,157.0235,158.8798,155.5505,986948.0,601799
2020-09-24,157.7801,152.8466,157.7801,151.5149,795696.0,601799
2020-09-25,152.3422,152.6953,154.9452,151.8378,761520.0,601799
2020-09-28,153.6638,150.9802,154.2389,150.4253,1355260.0,601799
2020-09-29,152.1405,151.7873,154.2389,150.385,1267587.0,601799
2020-09-30,152.7357,151.0609,154.8241,149.366,964368.0,601799
2020-10-09,153.8051,150.8592,155.2478,146.7429,2026353.0,601799
2020-10-12,151.9387,158.8899,159.8484,151.3636,1883816.0,601799
2020-10-13,159.2027,160.4134,162.0578,155.3689,1096459.0,601799
2020-10-14,160.0905,167.072,167.1123,159.1421,1351136.0,601799
2020-10-15,164.4489,162.4715,168.7669,159.1623,1433107.0,601799
2020-10-16,162.2394,164.5498,165.1854,159.5962,1507429.0,601799
2020-10-19,166.1035,158.1938,166.4566,156.5998,1841708.0,601799
2020-10-20,160.6151,159.9089,161.2709,156.1256,1312095.0,601799
2020-10-21,160.6958,161.1902,162.8145,158.9706,851607.0,601799
2020-10-22,160.1006,160.1611,161.5231,157.4169,920453.0,601799
2020-10-23,160.6958,151.636,161.7653,150.3245,1111137.0,601799
2020-10-26,151.636,154.9048,155.1671,146.864,969174.0,601799
2020-10-27,156.0953,162.1284,163.2483,153.3511,1209744.0,601799
2020-10-28,162.0276,164.7516,166.3456,161.4222,902560.0,601799
2020-10-29,165.0643,166.2044,167.3545,163.662,790031.0,601799
2020-10-30,167.4453,163.8335,167.4453,162.6934,1419996.0,601799
2020-11-02,174.5378,180.2178,180.2178,173.0144,929632.0,601799
2020-11-03,189.9233,177.5846,191.6284,174.1948,3319508.0,601799
2020-11-04,181.368,190.1756,194.5037,181.1057,2505230.0,601799
2020-11-05,190.1756,193.0207,195.7245,187.9258,2148882.0,601799
2020-11-06,193.0004,197.036,199.2656,189.1667,2236191.0,601799
2020-11-09,195.0687,193.515,199.2455,191.1844,2215124.0,601799
2020-11-10,191.4871,194.7156,197.2075,189.3584,1641287.0,601799
2020-11-11,193.636,195.0989,200.2443,192.9601,1234472.0,601799
2020-11-12,195.4319,201.3742,201.5558,193.7066,1704218.0,601799
2020-11-13,199.5683,201.7778,204.2697,197.2983,1473793.0,601799
2020-11-16,199.7197,197.4194,202.7867,194.8871,1879568.0,601799
2020-11-17,197.4395,197.1369,205.2282,196.814,2525092.0,601799
2020-11-18,196.7334,195.6942,201.1119,192.6978,1824906.0,601799
2020-11-19,199.417,199.3968,201.3641,188.3293,1885202.0,601799
2020-11-20,202.1813,200.4662,203.3718,198.7511,1226838.0,601799
2020-11-23,202.3024,200.9908,203.4525,198.0449,867546.0,601799
2020-11-24,200.2644,203.0692,204.078,198.1155,979259.0,601799
2020-11-25,203.0692,195.7244,203.0692,194.7156,1554629.0,601799
2020-11-26,197.601,192.6978,197.7221,189.6711,1367299.0,601799
2020-11-27,194.4633,194.5945,197.5404,191.7797,1316031.0,601799
2020-11-30,195.4924,192.0319,197.1167,188.8337,1709357.0,601799
2020-12-01,190.9726,194.2111,195.4016,189.0355,1474381.0,601799
2020-12-02,194.1909,191.6889,197.5102,190.1352,1458821.0,601799
2020-12-03,191.4871,192.6776,193.7067,187.1994,1572087.0,601799
2020-12-04,191.2954,196.7333,198.5493,189.6812,1522072.0,601799
2020-12-07,195.8254,192.4456,196.7031,187.6534,2211092.0,601799
2020-12-08,191.1845,187.7744,191.1845,179.3805,2987838.0,601799
2020-12-09,187.2599,182.6089,191.245,182.1045,2288539.0,601799
2020-12-10,184.9596,188.9851,190.3773,180.7929,1612749.0,601799
2020-12-11,191.4367,191.7192,193.3838,188.6622,1215313.0,601799
2020-12-14,192.0016,196.6123,198.2467,191.6889,1457461.0,601799
2020-12-15,197.0562,199.2455,202.484,196.4307,1149985.0,601799
2020-12-16,199.5582,198.2467,201.5356,196.9351,745703.0,601799
2020-12-17,199.3564,195.2099,201.0312,195.109,1146501.0,601799
2020-12-18,195.7042,191.6889,196.7232,188.864,1424732.0,601799
2020-12-21,193.2022,194.5642,195.22,190.2765,1375017.0,601799
2020-12-22,194.312,194.3019,197.2882,191.3459,1124794.0,601799
2020-12-23,196.2692,190.8212,196.7333,188.632,1458089.0,601799
2020-12-24,191.8907,185.454,192.8995,185.2623,1348118.0,601799
2020-12-25,187.4516,189.54,197.5203,185.6154,1654695.0,601799
2020-12-28,190.2058,184.2231,193.2022,183.6178,1992587.0,601799
2020-12-29,186.9068,191.3762,196.0473,184.6267,2268238.0,601799
2020-12-30,190.7305,200.7689,201.7778,190.7305,2337033.0,601799
2020-12-31,200.3653,202.2822,204.7137,198.2164,2061515.0,601799
2021-01-04,202.7867,200.0829,205.1677,198.7612,1857101.0,601799
2021-01-05,200.7689,203.1499,209.8388,200.3149,2669933.0,601799
2021-01-06,204.8045,199.76,207.5184,198.6301,2174450.0,601799
2021-01-07,198.62,215.2666,215.9022,197.7523,2374595.0,601799
2021-01-08,215.9022,207.3771,220.6037,204.8852,2878111.0,601799
2021-01-11,205.8234,208.8198,213.7634,203.6745,2348240.0,601799
2021-01-12,207.6697,205.4905,209.3445,198.9731,2128328.0,601799
2021-01-13,208.7795,189.5097,209.2133,188.4907,4111115.0,601799
2021-01-14,189.1667,192.4657,197.3992,188.6622,2759471.0,601799
2021-01-15,192.9601,186.3922,192.9601,182.2053,2848457.0,601799
2021-01-18,186.8664,192.496,195.7244,177.8671,2647496.0,601799
2021-01-19,191.2147,192.0117,195.3108,187.8753,1944347.0,601799
2021-01-20,192.5565,203.6442,203.6442,187.7038,2317662.0,601799
2021-01-21,202.3831,211.1503,213.5717,198.2567,2336080.0,601799
2021-01-22,211.0898,216.9111,217.6073,209.1427,1992599.0,601799
2021-01-25,216.9111,219.4333,222.8434,214.4393,1950336.0,601799
2021-01-26,219.4333,219.504,221.9556,215.3978,1319401.0,601799
2021-01-27,219.8167,217.0322,221.8547,216.5076,1453386.0,601799
2021-01-28,215.9426,215.3877,218.9188,214.066,1391200.0,601799
2021-01-29,215.3978,216.0535,220.2203,213.4002,1242461.0,601799
2021-02-01,217.6073,213.5616,220.2203,212.1794,1836720.0,601799
2021-02-02,209.8489,214.3082,217.577,209.8489,1561245.0,601799
2021-02-03,213.3901,216.8708,220.422,213.1278,1411746.0,601799
2021-02-04,215.1455,213.5515,216.79,211.9676,1290756.0,601799
2021-02-05,214.4192,209.2839,216.5076,206.8222,1267903.0,601799
2021-02-08,209.9901,218.9188,221.8547,207.8412,2154523.0,601799
2021-02-09,218.4144,216.6186,221.441,215.3473,1460981.0,601799
2021-02-10,215.6601,213.8844,217.8897,208.0934,2355601.0,601799
2021-02-18,216.9111,209.1528,217.92,201.7879,2257450.0,601799
2021-02-19,207.8311,205.0365,210.5248,197.49,2096915.0,601799
2021-02-22,203.7955,194.1405,204.8751,190.2563,2678558.0,601799
2021-02-23,193.0307,201.2733,202.7967,193.0004,2397078.0,601799
2021-02-24,202.7867,196.7434,204.3,193.9488,1942831.0,601799
2021-02-25,197.9642,195.7648,200.0929,194.2111,1448306.0,601799
2021-02-26,192.5162,192.7583,195.2099,187.7542,1903916.0,601799
2021-03-01,192.7583,191.3862,196.0776,189.2777,1431262.0,601799
2021-03-02,193.6966,193.3838,198.7511,191.5376,1422821.0,601799
2021-03-03,192.5868,190.3773,193.6058,187.4818,2941002.0,601799
2021-03-04,190.68,184.4148,191.6385,182.6089,1382688.0,601799
2021-03-05,181.6,189.9133,191.6788,179.5923,1760120.0,601799
2021-03-08,189.9738,174.0131,191.5375,173.428,1944986.0,601799
2021-03-09,172.3989,166.3658,172.4897,164.7616,2457911.0,601799
2021-03-10,182.5988,183.0024,183.0024,179.9656,2723460.0,601799
2021-03-11,182.8208,201.3036,201.3036,182.8208,5246430.0,601799
2021-03-12,201.3238,199.2152,204.3908,196.7333,2957661.0,601799
2021-03-15,197.3488,183.8498,199.5582,182.3869,3674129.0,601799
2021-03-16,185.7566,188.2082,192.385,184.3946,2272502.0,601799
2021-03-17,189.6711,191.0331,193.7067,184.7074,1377458.0,601799
2021-03-18,190.4782,195.7446,198.5493,189.0355,1470217.0,601799
2021-03-19,195.7446,193.2022,197.5405,191.1845,1468233.0,601799
2021-03-22,194.08,193.626,201.2935,190.8616,1494593.0,601799
2021-03-23,191.6082,190.569,195.3007,188.7934,1244664.0,601799
2021-03-24,188.8337,184.9294,194.7055,183.4261,1178506.0,601799
2021-03-25,184.9293,179.8042,185.9988,179.0879,1534276.0,601799
2021-03-26,180.5911,191.0533,192.5666,179.8143,1690832.0,601799
2021-03-29,194.0598,193.3737,197.6615,191.0533,1270699.0,601799
2021-03-30,195.0586,198.7511,202.5445,193.3132,1068583.0,601799
2021-03-31,198.7511,190.68,198.7511,189.2171,1578674.0,601799
2021-04-01,193.3535,191.7898,197.1671,189.6711,1001074.0,601799
2021-04-02,191.6889,188.9245,193.5452,185.9483,1394699.0,601799
2021-04-06,188.7833,194.7156,195.8859,188.7833,1165581.0,601799
2021-04-07,195.22,195.22,196.7232,187.1489,1354507.0,601799
2021-04-08,193.3637,186.0391,193.3637,182.3567,2719929.0,601799
2021-04-09,187.4515,179.5822,189.2675,178.7448,2122733.0,601799
2021-04-12,179.4612,176.0915,180.2683,173.4784,1685551.0,601799
2021-04-13,175.8493,183.1739,185.4237,173.5894,1851533.0,601799
2021-04-14,181.6505,185.8071,186.6445,181.257,1030124.0,601799
2021-04-15,184.7579,184.3846,185.6356,179.8042,1288345.0,601799
2021-04-16,186.6445,189.0658,189.4694,181.0754,1377825.0,601799
2021-04-19,190.0747,195.5227,196.7838,184.0819,2035528.0,601799
2021-04-20,196.471,201.354,203.6745,194.6752,1594550.0,601799
2021-04-21,198.1458,205.1273,206.1665,197.268,1021526.0,601799
2021-04-22,205.1273,210.6156,210.9082,200.7689,1571298.0,601799
2021-04-23,210.3231,210.5248,212.6233,207.4578,864094.0,601799
2021-04-26,210.4643,210.2626,212.0685,207.4276,1652959.0,601799
2021-04-27,207.8412,210.6358,213.2085,207.8412,1230986.0,601799
2021-04-28,213.0571,204.3,214.8933,198.7612,2694872.0,601799
2021-04-29,207.6294,193.4343,207.6294,189.1667,2888772.0,601799
2021-04-30,195.6538,196.1078,196.7233,185.686,2506170.0,601799
2021-05-06,192.1933,187.6533,193.636,185.2724,2388959.0,601799
2021-05-07,190.4379,181.9027,190.5589,181.822,1820950.0,601799
2021-05-10,182.5282,178.3413,183.4362,177.1105,1354422.0,601799
2021-05-11,178.311,175.3852,179.562,173.0244,1935205.0,601799
2021-05-12,176.5455,179.8143,181.2267,170.3004,2613980.0,601799
2021-05-13,178.7146,177.5644,181.5798,174.0434,1174767.0,601799
2021-05-14,177.4232,174.5983,178.6641,174.1846,1178628.0,601799
2021-05-17,174.5378,189.9637,191.6889,173.5289,2441657.0,601799
2021-05-18,188.0165,191.1643,195.9464,187.7038,1344535.0,601799
2021-05-19,191.9916,192.0924,192.9803,185.1412,1028867.0,601799
2021-05-20,190.0746,195.8758,196.7131,189.4693,1400608.0,601799
2021-05-21,193.7369,192.4153,196.2188,188.1578,1326667.0,601799
2021-05-24,194.0497,188.4503,195.5025,187.28,1353550.0,601799
2021-05-25,190.68,199.2455,199.76,190.2966,1576494.0,601799
2021-05-26,199.1345,191.5275,199.1345,188.7429,1709987.0,601799
2021-05-27,191.0735,190.6094,194.5037,188.1679,1322733.0,601799
2021-05-28,189.6711,191.7494,197.3185,188.8943,1639821.0,601799
2021-05-31,192.6675,194.1909,197.036,189.994,1921261.0,601799
2021-06-01,195.2503,195.7244,199.8609,193.2527,2135917.0,601799
2021-06-02,195.7244,192.8188,199.2455,191.1844,1083040.0,601799
2021-06-03,194.0497,191.2954,194.7256,190.1856,1300038.0,601799
2021-06-04,192.2942,201.0615,201.2733,187.2901,1653427.0,601799
2021-06-07,201.0615,208.9207,211.8465,199.649,1802454.0,601799
2021-06-08,209.2839,212.1189,213.8744,206.8424,1648106.0,601799
2021-06-09,211.5135,207.8311,212.3812,206.0151,1747885.0,601799
2021-06-10,208.7492,210.6257,218.2025,207.1652,2022289.0,601799
2021-06-11,210.9183,211.6346,215.4785,206.8222,2594885.0,601799
2021-06-15,209.6471,214.6411,218.8684,209.3545,1630131.0,601799
2021-06-16,214.6918,208.916,214.6918,203.2416,1667459.0,601799
2021-06-17,210.3777,205.2109,210.3777,203.5766,801946.0,601799
2021-06-18,205.1906,217.8082,219.2598,203.8101,1863763.0,601799
2021-06-21,215.504,235.3388,238.0288,215.504,2282338.0,601799
2021-06-22,236.0798,228.3956,237.369,224.9443,2204527.0,601799
2021-06-23,226.0812,227.1369,230.9333,226.0812,1339335.0,601799
2021-06-24,228.9031,227.9084,229.4107,221.8787,1151699.0,601799
2021-06-25,226.3654,224.7006,228.9843,221.2899,1282481.0,601799
2021-06-28,225.1473,231.1972,239.0744,225.1473,1852803.0,601799
2021-06-29,232.6894,233.2071,238.7495,229.9081,1862706.0,601799
2021-06-30,232.8823,229.1265,232.8823,222.9852,1328862.0,601799
2021-07-01,231.4409,228.9032,233.4711,224.3353,870805.0,601799
2021-07-02,226.071,216.5292,226.071,216.2145,1218143.0,601799
2021-07-05,216.5393,213.4839,220.3865,211.139,1714199.0,601799
2021-07-06,216.6814,214.6919,219.8587,211.6364,1443864.0,601799
2021-07-07,214.631,220.5591,223.7871,210.124,1916460.0,601799
2021-07-08,220.2749,218.2447,226.1319,217.2296,1242890.0,601799
2021-07-09,216.6916,220.7824,223.8277,212.0526,1947566.0,601799
2021-07-12,224.9849,232.456,234.4861,221.29,2580374.0,601799
2021-07-13,231.7454,231.4409,235.5012,229.4107,1678151.0,601799
2021-07-14,231.8875,226.8933,233.329,224.9139,1625023.0,601799
2021-07-15,226.9643,223.3201,228.2738,221.2291,1467944.0,601799
2021-07-16,222.6096,218.4477,223.6044,216.2246,889193.0,601799
2021-07-19,215.2806,217.2296,220.1327,212.1541,1410235.0,601799
2021-07-20,216.8236,218.1533,219.5136,211.4436,1501265.0,601799
2021-07-21,217.8691,225.3605,227.3805,216.2652,1179336.0,601799
2021-07-22,225.1778,228.3956,229.4107,223.3201,1206861.0,601799
2021-07-23,227.8271,222.3863,232.9127,220.2749,2019699.0,601799
2021-07-26,222.8329,216.8743,225.1473,208.0938,1675551.0,601799
2021-07-27,215.9201,211.3827,220.7824,210.1239,1837352.0,601799
2021-07-28,209.2713,209.6672,213.1692,204.0334,1724728.0,601799
2021-07-29,210.2356,212.3978,214.1742,203.0183,2652784.0,601799
2021-07-30,209.8194,209.2002,211.1391,202.2976,2061025.0,601799
2021-08-02,208.8652,226.3654,227.2485,208.5201,3175314.0,601799
2021-08-03,226.6293,222.0411,228.223,218.5492,1815910.0,601799
2021-08-04,223.6247,229.6848,232.7706,222.1934,1686199.0,601799
2021-08-05,229.5629,225.5432,229.6848,221.8178,1582233.0,601799
2021-08-06,227.8373,221.2595,228.6798,215.2806,1680181.0,601799
2021-08-09,221.0463,221.4625,224.3352,216.5292,1567482.0,601799
2021-08-10,223.3201,222.3051,223.3201,215.3009,1213757.0,601799
2021-08-11,222.2035,216.3871,222.8126,213.4331,1571932.0,601799
2021-08-12,215.4532,213.3722,216.8236,207.5862,1975401.0,601799
2021-08-13,215.4024,202.1758,215.4024,200.4806,2602484.0,601799
2021-08-16,202.0032,195.8315,203.8304,193.3749,2176172.0,601799
2021-08-17,195.5067,187.9645,196.9278,185.9445,2610874.0,601799
2021-08-18,187.7716,183.6402,187.7716,178.0369,4171453.0,601799
2021-08-19,185.0207,190.5225,196.2172,184.3,2556070.0,601799
2021-08-20,192.573,189.6699,192.573,185.9242,1901518.0,601799
2021-08-23,188.5938,188.8476,192.2177,184.2899,1531218.0,601799
2021-08-24,189.8221,189.7511,193.04,187.934,1807543.0,601799
2021-08-25,189.4567,184.2391,190.624,182.0059,3279353.0,601799
2021-08-26,184.5437,188.3908,192.776,184.5437,2416885.0,601799
2021-08-27,187.7919,189.5379,192.9486,184.7467,1755339.0,601799
2021-08-30,199.6685,194.8976,203.5259,191.0199,3747916.0,601799
2021-08-31,198.5417,196.4405,201.384,189.9236,2542599.0,601799
2021-09-01,197.3135,195.6081,200.7343,193.4764,1587707.0,601799
2021-09-02,193.6795,191.5478,197.9428,189.0405,886049.0,601799
2021-09-03,190.1469,188.1472,193.8622,186.4825,970122.0,601799
2021-09-06,185.7617,197.4454,201.3129,185.7617,1780490.0,601799
2021-09-07,196.207,197.212,200.9881,191.4259,1707578.0,601799
2021-09-08,197.5876,196.9278,197.5876,187.7919,1939802.0,601799
2021-09-09,196.1766,192.5629,198.7448,191.1722,809919.0,601799
2021-09-10,190.3804,194.8976,195.9127,189.8221,1161273.0,601799
2021-09-13,194.0957,189.1217,196.1969,188.6954,1470240.0,601799
2021-09-14,189.1319,188.1878,195.7604,187.3859,1612064.0,601799
2021-09-15,187.1017,191.8523,193.5577,182.818,1740838.0,601799
2021-09-16,191.0402,188.8984,192.3599,187.0509,840588.0,601799
2021-09-17,187.6397,189.6394,190.7357,185.8633,827871.0,601799
2021-09-22,186.9596,188.1168,189.1014,181.8943,1138153.0,601799
2021-09-23,189.3146,185.0512,190.147,184.7467,965805.0,601799
2021-09-24,183.8432,186.2896,189.7206,179.8742,1458710.0,601799
2021-09-27,182.7165,184.6249,189.7206,182.0262,1099349.0,601799
2021-09-28,183.3154,188.0153,188.7563,180.1787,1172708.0,601799
2021-09-29,185.9648,183.3154,185.9648,180.6863,1211433.0,601799
2021-09-30,182.2293,183.7316,184.7365,180.4325,815650.0,601799
2021-10-08,185.2542,186.7261,188.2995,182.4931,800849.0,601799
2021-10-11,186.9697,199.0087,200.5212,184.9395,1701158.0,601799
2021-10-12,200.9881,197.5267,206.8452,194.7758,1940718.0,601799
2021-10-13,199.4452,202.8153,205.4038,196.4101,1648023.0,601799
2021-10-14,202.0032,219.2598,220.0008,202.0032,2545792.0,601799
2021-10-15,217.2296,226.7816,227.411,214.9964,2416986.0,601799
2021-10-18,224.1322,221.2899,230.4055,219.0567,2482632.0,601799
2021-10-19,221.3712,224.9139,226.873,218.2549,1765366.0,601799
2021-10-20,224.5383,222.2949,228.3956,219.4628,1087779.0,601799
2021-10-21,221.0869,215.8288,222.102,213.4027,2219713.0,601799
2021-10-22,216.2754,216.9352,218.2447,214.0321,1157732.0,601799
2021-10-25,215.0268,221.3407,227.3805,213.4331,2793721.0,601799
2021-10-26,222.6502,229.0656,236.6787,220.9651,2546639.0,601799
2021-10-27,226.3654,229.5122,230.9942,224.5179,1055115.0,601799
2021-10-28,227.4008,231.3698,234.4456,227.3805,919019.0,601799
2021-10-29,229.1366,232.1109,234.1207,225.3503,1070825.0,601799
2021-11-01,222.305,223.6145,232.1616,209.1088,4833890.0,601799
2021-11-02,224.7514,229.4107,231.9281,220.3459,2424282.0,601799
2021-11-03,225.9086,224.2337,235.0242,222.4066,2219218.0,601799
2021-11-04,227.8373,231.4916,232.8112,220.2749,1577015.0,601799
2021-11-05,228.4768,230.1213,231.5322,226.4669,1488482.0,601799
2021-11-08,227.4008,223.7363,234.4658,221.8077,1684882.0,601799
2021-11-09,224.5788,223.1069,227.3805,217.7473,1535220.0,601799
2021-11-10,224.9443,218.5492,225.1372,214.5599,1382253.0,601799
2021-11-11,219.7064,218.7522,221.7569,215.9709,998734.0,601799
2021-11-12,219.0568,220.2749,222.1832,217.8691,835733.0,601799
2021-11-15,222.1426,217.5037,224.7413,213.1895,964900.0,601799
2021-11-16,215.3923,215.778,219.2395,213.291,573488.0,601799
2021-11-17,217.8285,216.316,218.1127,209.8194,984891.0,601799
2021-11-18,217.3616,212.1541,217.3616,210.2559,887941.0,601799
2021-11-19,211.9511,214.3061,215.707,210.7939,890349.0,601799
2021-11-22,214.0219,219.4628,223.31,212.3775,1947229.0,601799
2021-11-23,219.0364,221.4219,223.1171,215.3009,1369720.0,601799
2021-11-24,217.5747,222.3051,224.7717,217.5747,926095.0,601799
2021-11-25,223.6044,226.873,232.3342,222.904,1080241.0,601799
2021-11-26,226.873,223.8277,227.2485,221.8888,611206.0,601799
2021-11-29,221.29,222.8735,225.8579,219.7673,983156.0,601799
2021-11-30,223.2897,220.2749,223.7972,217.5341,1443161.0,601799
2021-12-01,220.1937,220.3256,222.8126,216.3262,1123710.0,601799
2021-12-02,222.234,221.4828,222.5994,216.5393,846262.0,601799
2021-12-03,219.1075,222.4878,224.518,219.1075,591278.0,601799
2021-12-06,220.2647,220.1835,225.8579,218.2447,964136.0,601799
2021-12-07,220.9448,214.6919,220.9448,213.4331,777652.0,601799
2021-12-08,213.9204,219.7876,219.9602,213.9204,659580.0,601799
2021-12-09,219.95,226.3553,231.1871,217.9198,1611062.0,601799
2021-12-10,225.3808,222.4979,228.3855,221.3001,906845.0,601799
2021-12-13,220.5794,223.3201,227.6546,220.5794,1042470.0,601799
2021-12-14,222.2746,218.2447,225.3402,215.1994,1018149.0,601799
2021-12-15,216.7728,213.3316,219.0263,212.6515,995058.0,601799
2021-12-16,213.4331,213.3824,216.2145,207.0787,1106697.0,601799
2021-12-17,211.606,207.9212,211.606,205.6169,1076406.0,601799
2021-12-20,204.7236,209.3119,209.9717,204.0943,1373491.0,601799
2021-12-21,209.0378,205.8606,211.139,204.0435,1086098.0,601799
2021-12-22,206.4391,211.9714,213.9407,206.4391,940821.0,601799
2021-12-23,212.3775,222.4878,222.6096,210.4387,1608884.0,601799
2021-12-24,227.9591,219.0568,227.9591,218.2447,746887.0,601799
2021-12-27,221.0565,215.9404,222.3051,215.7171,1273506.0,601799
2021-12-28,218.1026,217.8082,221.6554,214.499,1433080.0,601799
2021-12-29,216.9352,212.0425,216.9352,207.0787,2080438.0,601799
2021-12-30,209.1901,209.1089,212.6109,207.3426,1233597.0,601799
2021-12-31,209.0987,207.3324,212.0425,206.0636,755792.0,601799
2022-01-04,208.0836,204.6425,209.6469,203.0183,886064.0,601799
2022-01-05,204.3684,197.9124,205.4139,195.9228,1760729.0,601799
2022-01-06,195.933,195.0194,199.8715,194.39,1324758.0,601799
2022-01-07,193.8114,197.8312,199.9122,193.3851,1025029.0,601799
2022-01-10,197.9429,202.0032,202.0032,195.1615,1642244.0,601799
2022-01-11,201.5769,200.3791,210.6416,197.9428,1320800.0,601799
2022-01-12,200.4704,198.2474,203.4447,197.7398,958533.0,601799
2022-01-13,198.6433,193.2328,202.998,192.8877,2161463.0,601799
2022-01-14,193.2227,191.3448,195.7909,190.3094,1672402.0,601799
2022-01-17,191.1417,190.8169,195.8924,187.6701,2554407.0,601799
2022-01-18,191.7812,193.9738,194.2378,188.7969,1228052.0,601799
2022-01-19,192.3599,186.99,193.8825,184.9497,1531529.0,601799
2022-01-20,187.3554,184.9497,188.1777,184.1376,903157.0,601799
2022-01-21,183.7316,183.224,185.0817,181.1938,1107893.0,601799
2022-01-24,184.1884,183.3661,184.9395,180.3615,1053919.0,601799
2022-01-25,182.7165,178.2095,183.691,177.8339,1131184.0,601799
2022-01-26,178.2095,178.514,179.6611,175.7428,851710.0,601799
2022-01-27,179.6712,173.5197,181.3765,172.5656,782602.0,601799
2022-01-28,173.5299,172.058,173.7837,169.6523,1031130.0,601799
2022-02-07,174.0882,175.4078,180.2803,172.058,1119785.0,601799
2022-02-08,175.8037,166.9115,176.5752,165.9675,934838.0,601799
2022-02-09,166.1807,163.582,166.8201,157.3392,3240781.0,601799
2022-02-10,166.7897,163.308,167.9266,160.3845,1936522.0,601799
2022-02-11,162.3842,158.3644,162.5162,157.3798,2016393.0,601799
2022-02-14,158.3644,160.486,162.4147,155.8369,1649276.0,601799
2022-02-15,161.7041,165.4599,166.3735,159.5318,1210543.0,601799
2022-02-16,166.475,163.3485,166.6983,160.7702,901681.0,601799
2022-02-17,163.6124,165.1554,165.8558,161.0646,1035734.0,601799
2022-02-18,166.3735,163.0237,171.9565,162.1101,1438611.0,601799
2022-02-21,162.4147,160.892,163.4094,158.3137,1811028.0,601799
2022-02-22,159.8769,155.8166,159.8769,153.2788,2127266.0,601799
2022-02-23,155.3192,154.1924,157.329,152.2637,2902524.0,601799
2022-02-24,152.5378,157.1362,162.8004,152.5378,3874048.0,601799
2022-02-25,158.2528,156.5373,159.3491,153.2078,2977227.0,601799
2022-02-28,155.106,156.6083,161.7447,154.101,2081380.0,601799
2022-03-01,157.867,157.5828,159.2273,155.0958,1579876.0,601799
2022-03-02,157.0753,156.4053,159.1664,152.3957,2066020.0,601799
2022-03-03,156.2936,148.7414,156.3139,148.2034,2267639.0,601799
2022-03-04,144.1836,146.5386,148.8733,142.9858,2511927.0,601799
2022-03-07,143.9298,139.7375,144.9246,138.6615,2516236.0,601799
2022-03-08,137.3825,133.4947,143.1279,132.6319,2069197.0,601799
2022-03-09,132.5507,131.9518,135.5959,127.0895,2354180.0,601799
2022-03-10,136.0223,145.148,145.148,136.0223,3487492.0,601799
2022-03-11,142.9554,149.4722,150.132,140.0826,5952388.0,601799
2022-03-14,146.904,146.9548,150.1117,145.2697,2593087.0,601799
2022-03-15,146.1732,139.5751,146.8127,139.3416,1827805.0,601799
2022-03-16,143.7573,153.5326,153.5326,141.6053,3031448.0,601799
2022-03-17,163.4297,161.2676,166.6273,156.3241,3473499.0,601799
2022-03-18,161.3996,155.512,161.3996,153.7762,1717585.0,601799
2022-03-21,157.3392,161.0544,162.9222,155.3192,1662596.0,601799
2022-03-22,155.2786,158.3543,160.7296,153.4818,1591061.0,601799
2022-03-23,155.309,154.0807,158.3543,151.2689,1980607.0,601799
2022-03-24,151.7054,153.8879,154.7913,147.4623,1141294.0,601799
2022-03-25,153.2788,147.6958,154.3548,146.7619,1060172.0,601799
2022-03-28,141.0977,132.9262,141.0977,132.9262,2333285.0,601799
2022-03-29,127.7899,131.9112,133.2308,125.8815,2631293.0,601799
2022-03-30,131.9619,136.7633,138.4179,129.2516,2177906.0,601799
2022-03-31,136.0223,131.9112,136.0223,131.4544,1751144.0,601799
2022-04-01,131.9112,130.7844,132.9669,129.7389,1082588.0,601799
2022-04-06,130.9367,124.3487,130.9468,123.5163,1418043.0,601799
2022-04-07,124.3284,124.7954,127.5869,122.2475,1550627.0,601799
2022-04-08,125.1709,119.7808,125.4247,118.7657,3109813.0,601799
2022-04-11,118.5525,114.614,119.73,111.8631,3270697.0,601799
2022-04-12,113.2741,115.7103,116.228,111.7616,2118785.0,601799
2022-04-13,115.7813,115.8219,117.6288,113.3451,2138864.0,601799
2022-04-14,115.7204,119.9128,121.476,115.7204,1789376.0,601799
2022-04-15,118.7657,128.9775,131.8908,115.7306,2937964.0,601799
2022-04-18,128.9166,133.3018,134.5808,118.2379,2083645.0,601799
2022-04-19,132.2664,124.9375,136.0223,124.1152,1728070.0,601799
2022-04-20,124.5314,123.0697,126.3383,122.42,946738.0,601799
2022-04-21,122.5723,119.7605,124.6532,118.6134,1285386.0,601799
2022-04-22,117.9739,118.0145,125.3029,117.4258,1575467.0,601799
2022-04-25,116.8472,109.3964,116.9893,109.1426,2263488.0,601799
2022-04-26,109.8532,102.1588,110.1273,101.5092,3218232.0,601799
2022-04-27,101.7223,112.3706,112.3706,99.8241,2942109.0,601799
2022-04-28,118.7657,123.6077,123.6077,118.7657,2752844.0,601799
2022-04-29,124.2269,129.8099,131.4442,121.3136,2990316.0,601799
2022-05-05,128.9166,131.9619,136.2862,126.988,2874186.0,601799
2022-05-06,129.3531,133.7383,138.0525,128.5817,1196560.0,601799
2022-05-09,134.9667,132.8682,134.9667,129.5619,1185090.0,601799
2022-05-10,131.1895,130.8209,132.9399,127.1563,1780131.0,601799
2022-05-11,130.0123,133.0729,136.451,129.9508,1602601.0,601799
2022-05-12,131.517,133.5131,134.7108,130.002,1440639.0,601799
2022-05-13,135.0178,135.9493,137.1572,131.0359,1684696.0,601799
2022-05-16,135.9187,132.2335,137.9966,131.4761,1406636.0,601799
2022-05-17,130.1556,138.1911,139.2148,130.1556,1834752.0,601799
2022-05-18,138.4778,138.4471,141.1392,135.8163,2228200.0,601799
2022-05-19,135.9596,137.4336,138.703,135.1202,1219308.0,601799
2022-05-20,136.7273,137.3517,138.703,130.3091,2044197.0,601799
2022-05-23,136.6454,139.2148,139.5423,132.7351,1496008.0,601799
2022-05-24,144.8448,148.4275,153.1363,144.8448,3221027.0,601799
2022-05-25,148.4275,147.9157,152.5221,143.1046,2492886.0,601799
2022-05-26,148.0385,154.0575,155.593,145.3668,1908076.0,601799
2022-05-27,153.6685,153.126,159.4828,151.9079,1618699.0,601799
2022-05-30,154.467,159.3907,159.6876,152.0103,1474240.0,601799
2022-05-31,158.6639,154.3748,164.5089,154.3748,1735102.0,601799
2022-06-01,159.7797,151.7032,167.9176,151.0378,2717305.0,601799
2022-06-02,151.2118,162.2364,162.7482,148.448,2665095.0,601799
2022-06-06,159.5851,165.7884,170.9475,159.1962,2541302.0,601799
2022-06-07,165.4199,159.36,165.4199,156.3198,1760198.0,601799
2022-06-08,158.1828,156.1048,158.9505,153.9552,2387081.0,601799
2022-06-09,154.0575,150.3622,156.6166,149.5535,1445713.0,601799
2022-06-10,150.2701,159.4828,162.6049,148.4275,1780954.0,601799
2022-06-13,159.6875,160.1993,162.5537,156.2788,1468370.0,601799
2022-06-14,158.5411,168.3373,168.9003,153.9244,2004939.0,601799
2022-06-15,166.7506,164.7136,172.3295,163.8845,1669045.0,601799
2022-06-16,164.1404,161.7348,166.853,158.6741,1415498.0,601799
2022-06-17,160.6907,160.0049,164.4577,157.8757,2086659.0,601799
2022-06-20,160.1993,158.408,162.7584,156.6166,1847112.0,601799
2022-06-21,157.7835,157.3434,159.0426,154.3339,1418230.0,601799
2022-06-22,157.63,158.6741,164.6727,157.5174,1697465.0,601799
2022-06-23,158.8686,171.1523,171.8381,158.8686,2292611.0,601799
2022-06-24,170.9168,176.1579,177.1201,166.8632,1872762.0,601799
2022-06-27,176.1681,174.3768,177.7547,170.5995,1556337.0,601799
2022-06-28,174.387,171.142,175.0319,167.8869,1262990.0,601799
2022-06-29,168.5215,166.4128,171.9712,165.3175,1628587.0,601799
2022-06-30,164.8671,175.0421,175.2468,161.8269,2145711.0,601799
2022-07-01,170.1286,168.9003,175.5539,167.1396,2231498.0,601799
2022-07-04,168.0916,169.842,170.9475,162.7789,1805742.0,601799
2022-07-05,166.853,162.2057,169.8318,156.9954,2442214.0,601799
2022-07-06,163.6797,165.553,167.3546,159.2371,1092870.0,601799
2022-07-07,165.379,182.1052,182.1052,163.7821,2564970.0,601799
2022-07-08,181.6855,174.0185,182.1871,170.2105,2557312.0,601799
2022-07-11,173.0972,172.8515,176.1476,168.1428,2120956.0,601799
2022-07-12,170.2515,169.7704,175.0421,169.4019,1763424.0,601799
2022-07-13,169.627,169.6373,171.4184,166.2388,616747.0,601799
2022-07-14,167.5491,178.113,181.9721,167.5388,1115634.0,601799
2022-07-15,177.2225,185.995,191.0109,175.1342,1638166.0,601799
2022-07-18,185.995,186.2509,193.1196,179.1367,1893338.0,601799
2022-07-19,187.1313,178.4918,189.2707,176.8949,1575090.0,601799
2022-07-20,177.0894,180.1603,181.1839,174.1208,1409102.0,601799
2022-07-21,180.1501,178.4815,182.2076,176.0862,834494.0,601799
2022-07-22,178.8807,174.9602,179.1367,172.309,902038.0,601799
2022-07-25,175.4515,170.057,175.7689,168.5932,973116.0,601799
2022-07-26,171.572,169.4121,172.8822,165.0104,1984804.0,601799
2022-07-27,170.9885,172.5035,173.957,166.2286,1696781.0,601799
2022-07-28,172.657,168.6955,173.6704,166.9656,1321615.0,601799
2022-07-29,169.6168,179.7508,182.2076,165.9317,3380224.0,601799
2022-08-01,179.0343,189.5777,190.3557,177.0894,4678836.0,601799
2022-08-02,190.7652,190.7038,194.5526,189.1683,2343854.0,601799
2022-08-03,190.7038,183.1084,195.0849,182.5863,2739679.0,601799
2022-08-04,183.006,173.7932,185.2478,171.9712,2161282.0,601799
2022-08-05,172.7696,172.3295,179.0957,170.2617,1465492.0,601799
2022-08-08,170.8554,171.3775,176.0657,167.9892,1465067.0,601799
2022-08-09,171.6539,166.1672,171.6539,165.0104,2014846.0,601799
2022-08-10,165.5427,159.5647,165.6246,158.1623,3586951.0,601799
2022-08-11,159.5647,158.8789,159.5647,153.1363,3508821.0,601799
2022-08-12,157.5379,156.6064,157.9371,153.5559,1753352.0,601799
2022-08-15,155.4599,155.2859,158.6639,154.1599,1610735.0,601799
2022-08-16,155.3678,160.4246,162.4514,154.1599,2367062.0,601799
2022-08-17,159.6773,164.9183,165.4506,156.6678,1694506.0,601799
2022-08-18,163.7104,163.8845,167.4672,162.2569,1253877.0,601799
2022-08-19,163.2293,158.4796,163.5773,157.6402,2408215.0,601799
2022-08-22,154.856,155.9615,159.9946,153.7095,1644780.0,601799
2022-08-23,155.0812,154.7024,157.9473,153.7504,1539277.0,601799
2022-08-24,154.1599,149.359,154.3646,147.4039,2106396.0,601799
2022-08-25,149.3385,149.8197,150.9866,147.496,1240567.0,601799
2022-08-26,149.8606,154.8764,160.7112,148.4377,2232943.0,601799
2022-08-29,151.4984,150.1063,154.5693,145.9708,3025227.0,601799
2022-08-30,150.4543,148.1204,151.4677,146.8921,1031435.0,601799
2022-08-31,148.1102,143.596,149.4512,142.2857,1584217.0,601799
2022-09-01,143.8212,145.1519,145.4078,140.4431,1313431.0,601799
2022-09-02,145.1928,145.0495,148.4275,143.3196,1047788.0,601799
2022-09-05,144.722,141.2621,145.0495,140.3203,1312334.0,601799
2022-09-06,142.081,145.1519,145.6637,137.8226,1658838.0,601799
2022-09-07,145.3566,157.9781,159.2269,143.9235,2090341.0,601799
2022-09-08,158.0497,159.1348,162.2466,156.1662,1504293.0,601799
2022-09-09,158.1521,156.6166,160.7112,155.9512,1648974.0,601799
2022-09-13,159.7489,162.2466,164.4577,158.756,1716727.0,601799
2022-09-14,160.3017,159.493,162.7892,157.4662,1302216.0,601799
2022-09-15,158.8072,151.2937,159.1655,150.1677,1490861.0,601799
2022-09-16,151.2937,156.8316,160.7112,149.5535,1349939.0,601799
2022-09-19,157.108,160.3222,162.2467,155.0812,1252836.0,601799
2022-09-20,161.7655,164.5805,170.4358,161.4892,1938672.0,601799
2022-09-21,164.5805,159.2167,164.8262,158.9198,801338.0,601799
2022-09-22,157.845,156.0434,159.6875,155.1631,664955.0,601799
2022-09-23,156.2174,152.8087,157.5481,150.1268,770407.0,601799
2022-09-26,153.1567,158.1521,162.5537,151.5189,1384840.0,601799
2022-09-27,158.7458,162.6561,163.3317,158.6434,871027.0,601799
2022-09-28,160.1891,157.6914,161.7348,156.0741,735932.0,601799
2022-09-29,157.845,161.6324,165.6758,157.845,1104240.0,601799
2022-09-30,160.6088,155.9922,161.4687,154.8253,981030.0,601799
2022-10-10,156.4017,150.4953,157.63,147.3015,1511745.0,601799
2022-10-11,149.963,151.9079,153.5457,148.9496,805286.0,601799
2022-10-12,154.6615,159.6875,160.1993,149.963,865241.0,601799
2022-10-13,158.2749,166.29,168.4908,158.2749,1207421.0,601799
2022-10-14,167.8767,167.7743,169.4838,164.038,1268982.0,601799
2022-10-17,166.853,166.1774,167.9381,161.571,1189009.0,601799
2022-10-18,165.1538,160.1891,166.8121,158.1521,1449818.0,601799
2022-10-19,160.1482,156.6268,161.0183,156.2481,715284.0,601799
2022-10-20,156.3095,144.6094,156.3095,143.3298,3066552.0,601799
2022-10-21,145.8172,144.8755,146.0424,140.5557,1188080.0,601799
2022-10-24,144.8755,137.3722,145.3566,135.9391,1524662.0,601799
2022-10-25,136.451,135.632,138.0376,132.08,2169374.0,601799
2022-10-26,135.7344,131.3328,137.1368,130.6162,2557755.0,601799
2022-10-27,131.0052,134.5367,137.4132,130.2272,1792239.0,601799
2022-10-28,133.2982,127.9752,135.1202,127.0335,1426721.0,601799
2022-10-31,126.839,125.3342,129.2752,124.7405,2250824.0,601799
2022-11-01,125.3956,132.5611,132.9194,124.3822,2350992.0,601799
2022-11-02,131.3225,143.4117,145.1519,131.1895,3037475.0,601799
2022-11-03,143.1251,148.2842,149.963,141.5691,1510528.0,601799
2022-11-04,148.4377,148.5299,154.5693,146.8102,2558876.0,601799
2022-11-07,150.7614,144.8448,151.4779,143.7187,1422622.0,601799
2022-11-08,145.8787,142.1731,146.3802,140.566,1179054.0,601799
2022-11-09,142.3062,140.9959,142.8896,139.3376,830350.0,601799
2022-11-10,140.3305,136.1439,140.3305,135.7446,1344484.0,601799
2022-11-11,139.2148,136.2462,140.6786,133.769,2789663.0,601799
2022-11-14,136.6045,135.284,140.7195,134.1375,1547918.0,601799
2022-11-15,135.2124,136.2053,136.6557,132.1517,1574730.0,601799
2022-11-16,136.2462,133.595,137.8943,132.5611,1320909.0,601799
2022-11-17,132.0493,130.3808,133.38,127.9547,1620366.0,601799
2022-11-18,129.9816,129.8178,131.0257,128.7839,1325958.0,601799
2022-11-21,126.665,130.954,131.5375,126.665,1451491.0,601799
2022-11-22,129.9918,130.2989,132.0493,128.6508,977203.0,601799
2022-11-23,129.5004,130.9028,131.7934,127.0028,1278562.0,601799
2022-11-24,130.002,131.3532,133.4926,130.002,833771.0,601799
2022-11-25,132.254,128.7839,132.254,127.9752,1043911.0,601799
2022-11-28,127.4429,128.8965,131.2099,126.7264,936477.0,601799
2022-11-29,129.091,129.1626,131.9265,128.2926,969543.0,601799
2022-11-30,128.5792,135.11,135.1202,126.4603,3124139.0,601799
2022-12-01,135.1611,136.2974,139.2148,135.1611,1627824.0,601799
2022-12-02,135.7139,132.5406,135.7139,131.3532,1000720.0,601799
2022-12-05,133.6257,131.2304,133.8611,130.9233,1009429.0,601799
2022-12-06,130.8005,135.2737,136.021,129.8178,2102529.0,601799
2022-12-07,135.2738,134.2706,137.6588,133.6974,1204210.0,601799
2022-12-08,134.2706,131.9981,135.3249,130.7698,1354196.0,601799
2022-12-09,131.8036,134.4037,134.9155,130.1761,2538205.0,601799
2022-12-12,134.1273,133.0525,134.1273,130.6162,937462.0,601799
2022-12-13,132.9706,131.0462,133.6871,131.0359,647725.0,601799
2022-12-14,129.9201,132.254,132.8682,129.9201,617254.0,601799
2022-12-15,131.8139,138.703,140.2384,131.7422,1760880.0,601799
2022-12-16,138.6415,134.6698,138.6415,133.6871,936298.0,601799
2022-12-19,134.0863,133.0525,139.01,132.1107,1026406.0,601799
2022-12-20,132.5406,131.2304,132.7044,130.5138,988778.0,601799
2022-12-21,131.0871,133.81,135.4068,130.6981,1254003.0,601799
2022-12-22,134.1785,136.6557,137.9864,133.4415,1052569.0,601799
2022-12-23,136.6557,132.6123,137.0242,131.7422,922586.0,601799
2022-12-26,133.1753,137.3415,137.9762,132.6123,866412.0,601799
2022-12-27,137.7817,136.4305,137.7817,135.1612,555878.0,601799
2022-12-28,135.3352,133.5745,135.4887,131.8446,1344012.0,601799
2022-12-29,134.4139,134.373,137.5155,132.3973,1127977.0,601799
2022-12-30,135.1407,130.3808,136.3486,130.217,2033265.0,601799
2023-01-03,129.0398,131.558,131.8241,126.7469,1662265.0,601799
2023-01-04,131.558,132.6942,133.9328,131.3123,802383.0,601799
2023-01-05,133.2265,132.8682,138.3856,132.0595,1954357.0,601799
2023-01-06,133.0422,137.0549,137.6691,131.3839,1645451.0,601799
2023-01-09,136.9218,140.0337,141.2621,136.1439,1613528.0,601799
2023-01-10,140.0337,139.051,141.0573,135.2737,1454464.0,601799
2023-01-11,138.1911,137.884,139.1841,137.1573,1014082.0,601799
2023-01-12,137.9864,138.1911,140.4943,136.5533,1187200.0,601799
2023-01-13,138.1809,137.6793,138.8974,135.0281,1614012.0,601799
2023-01-16,137.6486,135.7037,138.6927,135.1202,1739687.0,601799
2023-01-17,136.1234,133.9635,137.577,133.2777,2322534.0,601799
2023-01-18,133.9737,133.0525,134.9155,132.4587,1516221.0,601799
2023-01-19,132.0493,132.2438,133.0525,131.5682,1260856.0,601799
2023-01-20,132.2847,132.1414,133.5847,131.6296,1260907.0,601799
2023-01-30,133.0729,141.9888,144.8448,133.0729,2979224.0,601799
2023-01-31,141.9888,138.5085,143.8416,138.1911,1490939.0,601799
2023-02-01,139.0408,143.9235,144.6298,138.5597,1785054.0,601799
2023-02-02,144.7731,147.1991,148.0181,143.6778,1716397.0,601799
2023-02-03,146.3802,145.3566,146.7897,142.5723,1172124.0,601799
2023-02-06,143.6164,144.4865,147.1991,142.2857,939262.0,601799
2023-02-07,145.4794,141.5691,145.633,140.6069,1064652.0,601799
2023-02-08,141.7841,141.0471,142.2857,139.7778,856297.0,601799
2023-02-09,140.2487,140.7912,142.7975,139.5219,1004007.0,601799
2023-02-10,140.1156,137.6281,140.7809,135.7344,1291703.0,601799
2023-02-13,137.6691,138.6927,141.0471,135.8573,1629317.0,601799
2023-02-14,138.7848,139.0817,140.7502,137.4848,854796.0,601799
2023-02-15,139.2148,137.9455,139.5628,136.7581,928969.0,601799
2023-02-16,138.0887,144.8448,148.9393,138.0887,3614732.0,601799
2023-02-17,144.8448,139.3376,146.3598,139.0715,1653066.0,601799
2023-02-20,139.3785,141.9479,143.0636,136.1438,2049436.0,601799
2023-02-21,141.5282,143.4936,144.3125,140.2384,1297993.0,601799
2023-02-22,143.4424,146.3802,147.4039,141.7739,1402559.0,601799
2023-02-23,146.2676,150.0346,152.0102,146.196,1888020.0,601799
2023-02-24,150.0244,145.1212,150.0346,143.9235,1103895.0,601799
2023-02-27,145.3566,149.4512,149.7787,143.5038,1971690.0,601799
2023-02-28,149.9323,154.5693,154.5693,147.4244,2756179.0,601799
2023-03-01,156.1355,153.5457,163.5774,150.4031,3438168.0,601799
2023-03-02,151.4984,149.0826,151.5087,145.8684,2566518.0,601799
2023-03-03,148.4275,145.7865,149.4511,145.3566,1389001.0,601799
2023-03-06,145.7865,145.1621,145.9401,142.2857,1514187.0,601799
2023-03-07,143.3605,141.303,145.766,140.2384,1304317.0,601799
2023-03-08,140.1463,138.4573,141.2621,137.3825,1456975.0,601799
2023-03-09,138.1911,137.4234,140.525,136.8092,1361669.0,601799
2023-03-10,137.4234,136.5021,138.7951,133.0832,2124331.0,601799
2023-03-13,136.1234,134.2706,137.8636,132.6021,1584939.0,601799
2023-03-14,133.5029,134.3832,135.3454,130.2579,1439111.0,601799
2023-03-15,135.2021,131.8446,138.2014,131.2816,1259626.0,601799
2023-03-16,131.128,129.4902,132.5611,128.917,1015721.0,601799
2023-03-17,130.0225,126.7878,130.8209,125.9075,1160262.0,601799
2023-03-20,126.8185,127.9855,132.4076,123.4303,2337553.0,601799
2023-03-21,129.1319,133.6667,134.6084,127.1256,2929198.0,601799
2023-03-22,134.4242,132.6123,137.3825,131.4351,1456360.0,601799
2023-03-23,131.8446,130.391,133.5847,127.9547,2466123.0,601799
2023-03-24,130.5036,129.6949,131.6398,128.6815,686300.0,601799
2023-03-27,129.7871,127.1358,129.7871,126.665,1588696.0,601799
2023-03-28,126.7264,128.9784,131.5375,126.1122,1757428.0,601799
2023-03-29,129.1626,129.7871,132.8375,129.1626,1446351.0,601799
2023-03-30,121.209,121.0657,128.9784,119.0491,5380683.0,601799
2023-03-31,122.5295,122.7342,125.3035,119.4688,2386884.0,601799
2023-04-03,121.6799,119.7554,122.4988,119.5404,1968127.0,601799
2023-04-04,119.1924,116.0601,119.7554,115.5175,2090509.0,601799
2023-04-06,115.5483,120.2468,120.3389,115.1798,1460712.0,601799
2023-04-07,119.5507,122.3452,124.1878,119.1003,1000865.0,601799
2023-04-10,122.3247,119.4995,122.724,117.6979,1879262.0,601799
2023-04-11,119.4688,118.2814,119.653,117.2065,1140544.0,601799
2023-04-12,117.8617,118.6396,119.5404,117.3089,902994.0,601799
2023-04-13,118.2609,120.1751,121.2909,117.7388,994015.0,601799
2023-04-14,119.7861,122.0381,125.5799,119.2538,1602772.0,601799
2023-04-17,121.946,121.4035,124.0956,120.6153,991000.0,601799
2023-04-18,120.9121,124.8224,124.8224,120.5846,1286899.0,601799
2023-04-19,124.7815,124.0649,124.8429,119.9704,1532706.0,601799
2023-04-20,123.7374,119.4074,123.8602,116.9507,1491243.0,601799
2023-04-21,119.3562,116.8688,120.4822,116.6947,1081482.0,601799
2023-04-24,116.8688,117.5137,118.8853,114.6679,799737.0,601799
2023-04-25,115.6711,113.6955,117.2987,112.3955,1217364.0,601799
2023-04-26,115.1695,113.9002,116.6947,113.5317,1075418.0,601799
2023-04-27,114.3711,113.5829,114.9546,111.5765,1236890.0,601799
2023-04-28,111.1159,112.0372,114.6372,110.123,1619439.0,601799
2023-05-04,111.5766,110.9009,115.4664,109.8159,1259966.0,601799
2023-05-05,111.075,108.7104,111.075,107.482,819483.0,601799
2023-05-08,111.1159,112.7128,113.4191,110.0411,1514062.0,601799
2023-05-09,112.3955,107.4922,113.2758,107.2773,1375330.0,601799
2023-05-10,108.0962,115.4561,115.9577,107.0111,2297834.0,601799
2023-05-11,116.5924,113.6238,117.7184,110.9214,1465669.0,601799
2023-05-12,112.6002,113.6341,114.9341,111.9451,1142258.0,601799
2023-05-15,113.8695,114.1356,115.1388,112.3955,765847.0,601799
2023-05-16,114.5553,112.6002,114.6475,112.0884,631624.0,601799
2023-05-17,112.5899,111.6789,113.112,110.8191,1235209.0,601799
2023-05-18,111.6891,109.5293,112.3955,108.3623,1358526.0,601799
2023-05-19,109.8364,109.8875,110.8191,108.1474,601864.0,601799
2023-05-22,109.8875,111.1159,111.3513,108.3111,824350.0,601799
2023-05-23,111.0954,113.4396,115.1388,110.0718,1331728.0,601799
2023-05-24,113.286,111.4742,114.1254,111.249,881744.0,601799
2023-05-25,111.4742,110.8395,112.0781,109.9285,346828.0,601799
2023-05-26,110.9112,110.8805,111.1671,108.5056,480328.0,601799
2023-05-29,109.734,110.8702,111.4639,109.734,703126.0,601799
2023-05-30,111.1569,109.3143,115.1388,108.0859,1270117.0,601799
2023-05-31,109.3041,108.4749,109.519,107.8914,570604.0,601799
2023-06-01,108.8639,108.3111,110.0001,107.3387,531300.0,601799
2023-06-02,107.9324,113.8183,114.4018,107.9324,1409280.0,601799
2023-06-05,113.8285,113.2758,114.6475,107.482,1791890.0,601799
2023-06-06,114.1561,112.6207,114.2994,110.8702,613722.0,601799
2023-06-07,112.375,111.2797,113.0506,109.7545,562090.0,601799
2023-06-08,110.7269,110.1435,111.7915,109.6214,626433.0,601799
2023-06-09,111.0647,109.0993,112.3955,108.7104,793495.0,601799
2023-06-12,109.0891,116.0396,116.5412,108.5363,1845320.0,601799
2023-06-13,114.6475,118.9774,119.7042,114.1459,1434082.0,601799
2023-06-14,119.5712,120.7893,120.8507,117.9231,1205742.0,601799
2023-06-15,120.8098,119.9909,123.8602,119.6633,1146849.0,601799
2023-06-16,120.8898,119.3502,120.8898,117.9758,1159657.0,601799
2023-06-19,119.2055,121.4169,123.1942,119.2055,1940537.0,601799
2023-06-20,120.9002,121.8302,123.1425,119.8772,1508911.0,601799
2023-06-21,121.8302,120.1872,122.8428,119.9908,1192718.0,601799
2023-06-26,119.3915,122.1505,124.8269,118.8335,1860827.0,601799
2023-06-27,121.8819,123.2769,124.0209,120.5385,1055159.0,601799
2023-06-28,122.7602,122.4812,123.2975,121.5822,445707.0,601799
2023-06-29,122.4812,123.9692,126.5629,121.5202,776895.0,601799
2023-06-30,123.4525,127.7202,127.8752,122.9462,1104183.0,601799
2023-07-03,127.6995,132.3495,134.8502,127.1312,1728195.0,601799
2023-07-04,132.3599,132.2049,138.5082,130.7995,1968841.0,601799
2023-07-05,133.8169,136.3485,137.3095,130.4275,2002158.0,601799
2023-07-06,135.7492,138.5496,138.9836,134.3336,1514013.0,601799
2023-07-07,137.9399,139.0869,139.3969,137.1235,850866.0,601799
2023-07-10,139.0869,134.1269,139.0869,133.1969,1322916.0,601799
2023-07-11,135.0465,138.3429,139.3452,133.5895,1201357.0,601799
2023-07-12,138.3429,136.9169,139.1385,136.2039,748941.0,601799
2023-07-13,137.4232,135.3669,137.4955,134.1992,827832.0,601799
2023-07-14,132.6182,134.1785,137.7745,132.6182,777770.0,601799
2023-07-17,133.8169,135.3462,135.8629,133.8169,740656.0,601799
2023-07-18,136.5552,135.5322,137.7125,135.1602,888981.0,601799
2023-07-19,135.1809,135.9972,136.8859,134.3955,440898.0,601799
2023-07-20,135.9972,135.3669,139.6655,135.3669,849617.0,601799
2023-07-21,136.9582,137.5059,138.4566,133.8995,655625.0,601799
2023-07-24,137.5059,135.1602,138.0432,133.9202,1170850.0,601799
2023-07-25,134.5402,142.3936,142.7656,134.5402,1455400.0,601799
2023-07-26,140.3579,142.6002,144.5635,140.3579,1080536.0,601799
2023-07-27,152.9336,145.0596,156.5502,144.4705,4584523.0,601799
2023-07-28,146.3099,147.7669,149.9265,141.5669,1641267.0,601799
2023-07-31,147.6016,147.9632,149.5752,146.2686,1219429.0,601799
2023-08-01,147.9736,152.9336,155.3619,146.7439,1694413.0,601799
2023-08-02,152.9232,155.0002,157.0669,152.0656,1041921.0,601799
2023-08-03,156.5399,146.3202,156.5399,144.6669,2818995.0,601799
2023-08-04,147.7049,145.5452,149.6786,141.9595,1560090.0,601799
2023-08-07,145.8449,149.7302,150.0196,144.3466,1409909.0,601799
2023-08-08,147.5602,150.3192,153.5949,147.5602,760240.0,601799
2023-08-09,149.2136,148.5936,149.8232,146.2272,770018.0,601799
2023-08-10,147.9632,146.0722,148.3662,144.7702,924306.0,601799
2023-08-11,146.2376,144.7909,148.4076,144.7909,677307.0,601799
2023-08-14,143.6336,143.6336,144.3982,140.0169,875206.0,601799
2023-08-15,144.8012,141.2362,144.8116,139.5002,2100296.0,601799
2023-08-16,140.8229,138.4669,142.5899,137.7745,1183532.0,601799
2023-08-17,138.4669,142.1765,144.6152,137.2372,1393116.0,601799
2023-08-18,142.6519,141.0606,143.4269,140.3269,1100496.0,601799
2023-08-21,140.8746,138.9112,141.5566,137.9812,912700.0,601799
2023-08-22,140.3269,139.5002,140.7299,136.4519,1197251.0,601799
2023-08-23,139.1695,138.3119,139.8309,137.7435,1100658.0,601799
2023-08-24,137.4129,139.6552,140.7712,136.5345,1015267.0,601799
2023-08-25,139.5002,139.8515,140.5646,136.9685,853940.0,601799
2023-08-28,146.7336,148.4282,149.8336,138.5806,3463700.0,601799
2023-08-29,147.8186,152.4066,154.9796,147.1572,1774852.0,601799
2023-08-30,153.2126,153.4502,155.7236,151.0632,1361822.0,601799
2023-08-31,154.9692,152.7786,155.6202,152.4169,652885.0,601799
2023-09-01,153.9669,152.7889,153.9669,149.1102,682259.0,601799
2023-09-04,150.8669,150.9082,152.7476,148.9759,1447009.0,601799
2023-09-05,150.3502,153.9772,155.8476,150.3502,2253301.0,601799
2023-09-06,155.2482,155.4032,155.5066,153.3779,1106600.0,601799
2023-09-07,154.9072,155.6822,157.5319,152.8199,1450500.0,601799
2023-09-08,157.9659,156.8602,161.4069,154.0702,1553570.0,601799
2023-09-11,156.7982,159.1336,162.0269,156.7982,1617357.0,601799
2023-09-12,160.4873,159.0716,160.4873,155.8373,1106003.0,601799
2023-09-13,158.5859,156.0129,158.5962,155.1346,898190.0,601799
2023-09-14,155.0416,151.6936,156.5502,150.4536,2033865.0,601799
2023-09-15,150.8669,153.1919,153.9566,150.4019,1052728.0,601799
2023-09-18,156.2506,155.5892,160.1669,153.4399,1608066.0,601799
2023-09-19,156.0026,159.9293,162.0269,154.4836,1968369.0,601799
2023-09-20,161.7582,154.4836,161.7582,153.4606,1527270.0,601799
2023-09-21,154.7832,152.5099,154.7832,150.6602,990900.0,601799
2023-09-22,153.4502,150.0609,153.4502,149.8336,946661.0,601799
2023-09-25,150.0609,154.3492,156.0646,150.0609,2357313.0,601799
2023-09-26,154.1942,154.2046,157.5836,152.1999,1324200.0,601799
2023-09-27,154.1219,153.9669,156.5399,152.9646,897762.0,601799
2023-09-28,154.1632,157.0669,158.6066,152.9439,1374561.0,601799
2023-10-09,158.7822,161.2829,165.8502,158.1519,3030460.0,601799
2023-10-10,160.3942,158.9372,162.0269,158.0899,904261.0,601799
2023-10-11,168.4129,158.6066,168.4336,156.5502,3067870.0,601799
2023-10-12,158.9372,157.3459,160.8902,156.0336,1971860.0,601799
2023-10-13,156.7776,155.5169,159.7019,154.5662,1138505.0,601799
2023-10-16,155.6202,158.3069,158.5239,153.9669,1404688.0,601799
2023-10-17,157.0669,160.2186,161.8719,156.0336,1607314.0,601799
2023-10-18,160.4046,161.8202,162.5436,158.6169,1374625.0,601799
2023-10-19,160.3943,156.5813,162.8123,156.5503,896486.0,601799
2023-10-20,156.2506,154.3699,157.2736,152.5822,1011776.0,601799
2023-10-23,154.6799,152.9439,155.9509,149.8956,1505357.0,601799
2023-10-24,152.9336,151.6936,156.6019,151.0012,2462721.0,601799
2023-10-25,151.7762,146.8989,152.6959,142.5072,4154321.0,601799
2023-10-26,144.6669,145.6486,147.5396,139.5932,3488298.0,601799
2023-10-27,144.1915,147.6532,151.1769,144.1915,2120804.0,601799
2023-10-30,146.2169,150.5569,154.0186,144.8219,2271520.0,601799
2023-10-31,150.9392,151.0736,152.4169,148.9449,955396.0,601799
2023-11-01,151.0116,150.4122,156.8499,149.9576,1419810.0,601799
2023-11-02,150.5982,147.7256,151.3629,147.4259,802166.0,601799
2023-11-03,148.4592,150.5156,150.5362,146.5269,1212004.0,601799
2023-11-06,151.3009,152.7476,153.7086,150.1436,1155653.0,601799
2023-11-07,152.7476,147.7772,152.7476,146.9402,1613559.0,601799
2023-11-08,147.8702,147.1675,149.8335,145.8655,1412969.0,601799
2023-11-09,147.1572,148.1389,148.5419,144.2742,1129068.0,601799
2023-11-10,146.7335,148.2835,150.4329,146.7335,1228236.0,601799
2023-11-13,148.2009,144.5222,148.6246,143.9332,1476661.0,601799
2023-11-14,144.3465,145.0905,147.7669,144.1502,1307712.0,601799
2023-11-15,146.0102,146.5786,147.9529,144.2536,832377.0,601799
2023-11-16,145.5246,146.0102,146.9609,145.5246,360227.0,601799
2023-11-17,145.4832,148.7589,148.8002,145.1836,908617.0,601799
2023-11-20,148.7899,148.5936,149.2446,146.4029,888600.0,601799
2023-11-21,147.3535,146.9815,149.2652,145.7002,755107.0,601799
2023-11-22,146.5786,143.7059,147.2192,143.2305,713139.0,601799
2023-11-23,143.6232,148.9552,149.3169,142.6519,1074684.0,601799
2023-11-24,148.8002,147.2502,148.8002,146.0206,723303.0,601799
2023-11-27,147.0642,147.8599,150.1952,145.8035,840737.0,601799
2023-11-28,147.8599,146.3512,148.2732,144.5532,1199128.0,601799
2023-11-29,146.4649,150.2779,150.7946,144.9769,1916870.0,601799
2023-11-30,150.0712,148.9862,151.9002,148.3972,1060349.0,601799
2023-12-01,149.0069,149.2136,149.7612,145.4936,1056190.0,601799
2023-12-04,148.8002,148.0872,149.5339,146.4236,673739.0,601799
2023-12-05,147.3536,144.0675,147.8496,143.9435,803611.0,601799
2023-12-06,144.1089,140.6369,145.3592,140.5335,883354.0,601799
2023-12-07,140.5749,141.1536,142.0629,138.7459,1173228.0,601799
2023-12-08,140.7402,137.3406,141.1536,136.5036,1589438.0,601799
2023-12-11,136.6482,142.4659,142.5279,134.5505,1493490.0,601799
2023-12-12,141.0399,144.9562,145.4936,140.5335,973900.0,601799
2023-12-13,143.6336,143.4889,145.1526,142.3626,963639.0,601799
2023-12-14,143.4889,145.1835,146.2169,143.1169,615033.0,601799
2023-12-15,144.6669,142.6209,145.6485,142.4969,554877.0,601799
2023-12-18,143.1169,142.0836,143.8402,141.2259,574240.0,601799
2023-12-19,142.3315,140.8435,142.3315,139.5209,704821.0,601799
2023-12-20,140.8436,136.6689,141.7736,135.3565,1131078.0,601799
2023-12-21,136.6275,136.6275,138.4462,134.5505,1198550.0,601799
2023-12-22,137.3405,134.8812,137.6195,134.0339,803242.0,601799
2023-12-25,135.3669,133.2589,136.7102,131.7502,1468700.0,601799
2023-12-26,132.9695,131.7502,133.5999,130.7169,858900.0,601799
2023-12-27,133.7239,137.1029,139.5002,133.3002,1983343.0,601799
2023-12-28,137.1132,134.2818,137.2785,131.9362,2396300.0,601799
2023-12-29,133.9822,135.4805,136.1212,131.2025,2757764.0,601799
2024-01-02,134.5195,132.7835,135.3565,131.9775,1438796.0,601799
2024-01-03,132.2772,129.1669,132.7112,128.1955,1297402.0,601799
2024-01-04,129.0945,128.0199,130.0659,127.9372,1226296.0,601799
2024-01-05,128.1335,126.8315,129.6732,126.2735,772725.0,601799
2024-01-08,126.8935,124.3928,126.9142,124.2482,777200.0,601799
2024-01-09,124.8062,126.2735,126.9452,121.9335,2065072.0,601799
2024-01-10,125.8705,124.4032,127.2345,123.7522,885468.0,601799
2024-01-11,124.8165,128.5779,128.6502,122.9669,1309603.0,601799
2024-01-12,128.0922,135.3669,136.4002,126.8935,2438446.0,601799
2024-01-15,137.4335,132.6802,137.4335,132.2152,1340799.0,601799
2024-01-16,132.3495,136.4002,137.5575,130.9442,1719419.0,601799
2024-01-17,136.1935,134.4369,138.2602,134.4369,1179279.0,601799
2024-01-18,134.0855,135.8112,136.9169,131.3369,1267960.0,601799
2024-01-19,135.5425,141.2466,141.8769,134.8605,1742063.0,601799
2024-01-22,141.5669,140.5335,144.0262,137.0305,1930644.0,601799
2024-01-23,139.4072,135.8629,141.0502,134.5402,1612911.0,601799
2024-01-24,136.3486,136.8136,137.7332,134.7779,1146355.0,601799
2024-01-25,136.4002,134.9329,136.9065,133.8169,1708837.0,601799
2024-01-26,134.3439,135.8422,136.2349,133.1762,1045399.0,601799
2024-01-29,135.6769,133.1039,137.7229,132.8869,1181067.0,601799
2024-01-30,132.4425,134.3335,136.7619,131.5435,1292215.0,601799
2024-01-31,133.6619,130.9235,136.7825,130.7169,1390210.0,601799
2024-02-01,130.9029,130.9235,135.8215,130.2725,1978928.0,601799
2024-02-02,131.2439,127.3172,132.2669,124.3619,1424278.0,601799
2024-02-05,128.1335,132.2462,132.4735,125.2609,1910543.0,601799
2024-02-06,132.2462,131.0579,133.8169,129.6835,1402539.0,601799
2024-02-07,131.4505,140.3992,140.3992,130.2002,1479076.0,601799
2024-02-08,140.9469,142.5382,143.4269,136.8135,1367496.0,601799
2024-02-19,142.9102,138.7872,144.1502,137.0202,1720470.0,601799
2024-02-20,138.4049,135.3669,138.4049,133.0625,1324907.0,601799
2024-02-21,133.3105,137.1235,139.3762,132.2979,1263083.0,601799
2024-02-22,136.4932,140.5129,141.1536,135.3669,1152652.0,601799
2024-02-23,140.3372,139.5002,141.8769,139.0352,1026037.0,601799
2024-02-26,142.2902,142.9412,145.7002,138.9835,1678215.0,601799
2024-02-27,142.6415,144.6669,145.8552,141.2155,1475472.0,601799
2024-02-28,143.6335,140.0375,145.6692,139.6035,856298.0,601799
2024-02-29,138.9422,145.1319,145.1319,138.0432,1030040.0,601799
2024-03-01,143.3442,145.9586,147.2502,141.7322,1080471.0,601799
2024-03-04,145.7519,152.4169,152.4479,145.0389,1591723.0,601799
2024-03-05,151.0942,152.3239,153.2952,147.9426,1188025.0,601799
2024-03-06,151.7762,154.0186,155.3722,150.1746,1091920.0,601799
2024-03-07,153.9256,152.9852,156.1576,151.9002,792149.0,601799
2024-03-08,153.3779,154.4422,155.2069,150.9082,1293716.0,601799
2024-03-11,154.4319,150.3192,155.2482,148.4902,1190592.0,601799
2024-03-12,150.3192,148.6866,150.6706,146.4236,1280615.0,601799
2024-03-13,148.6349,151.4559,152.3756,148.5935,844620.0,601799
2024-03-14,151.4352,151.7039,152.3962,148.0459,584200.0,601799
2024-03-15,151.1872,157.0669,157.0669,150.7945,887706.0,601799
2024-03-18,157.0669,156.1369,157.9452,155.0002,682079.0,601799
2024-03-19,155.7442,151.7349,155.8166,150.6602,865421.0,601799
2024-03-20,150.8772,147.6222,152.8819,146.7336,1166687.0,601799
2024-03-21,147.7152,146.1032,148.5936,145.1939,739392.0,601799
2024-03-22,145.7002,148.8002,149.6992,145.4935,912846.0,601799
2024-03-25,148.5212,147.3536,150.3399,147.3019,765567.0,601799
2024-03-26,147.3536,146.2169,148.8002,145.5142,782207.0,601799
2024-03-27,146.3822,144.4705,148.7795,144.2845,783720.0,601799
2024-03-28,146.4959,146.0929,148.7485,144.4602,1033922.0,601799
2024-03-29,146.1032,144.7289,146.7749,141.0605,811400.0,601799
2024-04-01,144.7702,146.7336,149.6062,144.6669,1083563.0,601799
2024-04-02,147.8082,145.6796,147.8082,144.9769,968725.0,601799
2024-04-03,145.0699,143.6749,146.6302,142.3936,1432307.0,601799
2024-04-08,143.6542,145.9069,147.5292,142.6829,1020763.0,601799
2024-04-09,145.1629,143.7369,146.1652,143.6336,550022.0,601799
2024-04-10,143.9745,143.9952,147.4155,143.0342,747522.0,601799
2024-04-11,143.4269,142.4969,145.1422,141.3085,775600.0,601799
2024-04-12,142.1869,141.8562,143.4786,140.6369,1271000.0,601799
2024-04-15,141.7632,143.2202,144.0985,140.5335,1019125.0,601799
2024-04-16,141.8975,137.8469,144.4499,136.9685,1458285.0,601799
2024-04-17,138.9836,141.6909,142.4969,138.6012,1271413.0,601799
2024-04-18,142.8792,137.4335,142.8792,137.3199,1753649.0,601799
2024-04-19,137.9502,136.9169,139.1695,135.4392,1233905.0,601799
2024-04-22,137.9502,138.0225,139.3452,135.8835,1096092.0,601799
2024-04-23,137.9812,137.1649,139.2936,135.4702,733390.0,601799
2024-04-24,137.8985,138.9422,138.9422,135.8835,605900.0,601799
2024-04-25,137.2269,136.1212,138.4566,135.8836,681856.0,601799
2024-04-26,134.3129,132.7939,134.5712,129.4045,2722300.0,601799
2024-04-29,132.8145,138.0432,139.2935,132.3185,1865520.0,601799
2024-04-30,138.3325,137.7952,139.2419,136.9272,822049.0,601799
2024-05-06,140.0169,146.5372,147.4155,139.2935,2450292.0,601799
2024-05-07,147.1779,147.7462,148.8002,144.3466,1307853.0,601799
2024-05-08,146.8369,145.8242,147.3432,141.6495,1248610.0,601799
2024-05-09,144.5739,142.0939,145.1836,140.7195,2035380.0,601799
2024-05-10,141.5876,141.2052,142.6105,139.7069,1028830.0,601799
2024-05-13,140.5439,140.3269,142.6105,138.4566,1445703.0,601799
2024-05-14,140.5335,138.2705,141.8665,137.9502,1318080.0,601799
2024-05-15,138.2705,135.4599,138.2705,135.3772,614638.0,601799
2024-05-16,135.4599,135.7802,136.0695,130.5515,2149620.0,601799
2024-05-17,134.8502,139.6655,139.9962,134.3232,1530800.0,601799
2024-05-20,139.3555,135.6252,139.4692,135.3669,1163283.0,601799
2024-05-21,135.6252,133.7135,135.6769,130.8202,1772803.0,601799
2024-05-22,133.2899,132.7319,134.5505,131.8949,752392.0,601799
2024-05-23,132.2875,129.2289,132.8559,127.6479,1746834.0,601799
2024-05-24,129.1565,125.8602,129.5905,125.5812,1478000.0,601799
2024-05-27,126.1082,130.3655,130.6859,123.2872,2487100.0,601799
2024-05-28,129.9935,125.3952,130.4585,125.1162,1465538.0,601799
2024-05-29,125.6535,125.4365,126.5422,123.4629,1138600.0,601799
2024-05-30,124.9199,126.6145,128.3402,124.9095,731400.0,601799
2024-05-31,126.7902,126.9762,129.4252,126.2529,1045335.0,601799
2024-06-03,126.6972,124.9819,128.7535,124.0002,903100.0,601799
2024-06-04,124.8062,125.7569,125.8602,123.6799,655450.0,601799
2024-06-05,125.8602,131.0269,132.2565,125.3022,2350982.0,601799
2024-06-06,129.9837,129.9002,132.2474,128.9196,1388635.0,601799
2024-06-07,130.1923,131.9658,132.4769,129.4099,1177304.0,601799
2024-06-11,131.8301,127.8972,131.8614,127.3235,1025288.0,601799
2024-06-12,127.3756,125.5292,128.398,124.705,1226911.0,601799
2024-06-13,125.1953,126.7497,128.0642,125.1953,872876.0,601799
2024-06-14,126.4576,129.1595,129.7855,123.9644,1462400.0,601799
2024-06-17,128.8153,129.4308,129.8793,126.6871,1323900.0,601799
2024-06-18,129.3577,131.6006,134.0417,128.8361,2012176.0,601799
2024-06-19,132.383,124.6842,132.383,124.6633,2727400.0,601799
2024-06-20,124.3503,124.7676,125.7169,122.6708,1176164.0,601799
2024-06-21,124.5903,125.4248,126.009,123.1506,874084.0,601799
2024-06-24,124.2043,120.793,125.3935,120.5948,1466253.0,601799
2024-06-25,120.9912,120.5218,123.9226,119.9689,1264023.0,601799
2024-06-26,119.9689,120.6469,121.2207,118.258,898610.0,601799
2024-06-27,119.9793,114.9823,120.6991,114.8676,1993631.0,601799
2024-06-28,115.1179,116.881,118.3102,114.9823,1435121.0,601799
2024-07-01,117.413,120.1775,120.8556,116.5263,966240.0,601799
2024-07-02,120.2818,122.0344,122.5665,118.0702,1299427.0,601799
2024-07-03,121.6693,117.726,122.7021,117.5799,905380.0,601799
2024-07-04,117.726,121.2416,122.8899,117.726,1235220.0,601799
2024-07-05,121.2416,121.2416,121.2416,121.2416,0.0,601799
2024-07-08,120.9495,120.4383,122.5769,119.3221,651455.0,601799
2024-07-09,120.1358,126.176,127.2818,119.3534,1515641.0,601799
2024-07-10,126.2281,129.1178,130.2966,125.5396,1619390.0,601799
2024-07-11,129.1074,128.9404,130.4009,127.3235,995942.0,601799
2024-07-12,129.2325,128.5023,129.9941,126.249,875388.0,601799
2024-07-15,128.6171,132.9046,133.4262,128.325,1500228.0,601799
2024-07-16,132.4874,133.3741,134.2399,130.161,1319397.0,601799
2024-07-17,131.5172,133.0089,135.4083,131.5172,1004676.0,601799
2024-07-18,131.4963,132.8003,134.7824,131.3816,1055781.0,601799
2024-07-19,132.2057,133.5306,134.7824,131.6632,991777.0,601799
2024-07-22,133.4054,131.3294,134.459,130.4218,1208840.0,601799
2024-07-23,130.9225,127.5843,131.2877,127.4591,768391.0,601799
2024-07-24,127.0731,127.167,128.3145,125.2892,965750.0,601799
2024-07-25,126.2281,126.2177,127.0731,124.2043,755498.0,601799
2024-07-26,126.9688,126.8645,131.7884,125.7065,1425130.0,601799
2024-07-29,127.2713,125.4979,127.8972,125.3727,765522.0,601799
2024-07-30,125.1953,125.3727,127.24,124.4442,603986.0,601799
2024-07-31,125.3727,130.1088,130.7661,124.7781,898129.0,601799
2024-08-01,130.1088,126.8645,130.7869,126.3533,690002.0,601799
2024-08-02,126.2281,125.1849,127.2713,125.1849,566538.0,601799
2024-08-05,124.6737,123.6305,126.9583,123.2132,538763.0,601799
2024-08-06,124.4442,126.2281,126.3429,122.6916,605933.0,601799
2024-08-07,125.6543,129.8793,131.9553,124.8406,1572501.0,601799
2024-08-08,129.5142,129.9837,131.2251,128.4814,769945.0,601799
2024-08-09,130.4009,126.2072,131.7571,125.936,993000.0,601799
2024-08-12,125.6022,123.7557,126.4054,123.7035,1040587.0,601799
2024-08-13,124.1208,124.6007,124.9554,122.0657,879200.0,601799
2024-08-14,124.319,122.1596,124.3816,122.097,448900.0,601799
2024-08-15,121.9092,121.3876,122.3682,119.6559,1530986.0,601799
2024-08-16,123.8809,126.6454,131.4441,123.8809,4423393.0,601799
2024-08-19,126.6454,123.8079,128.6171,123.8079,1462821.0,601799
2024-08-20,123.4636,123.6305,125.0806,122.1805,1475718.0,601799
2024-08-21,122.8899,120.7513,125.4874,120.6991,1280164.0,601799
2024-08-22,121.0642,121.2833,122.9733,120.8556,1054000.0,601799
2024-08-23,120.5322,119.7915,122.7855,119.7185,706114.0,601799
2024-08-26,120.1254,119.8124,121.3668,118.331,1017189.0,601799
2024-08-27,119.2803,118.5084,119.6037,117.5382,693500.0,601799
2024-08-28,118.1954,117.0792,120.9703,116.3594,844000.0,601799
2024-08-29,116.5054,119.7185,121.1998,115.3892,1069628.0,601799
2024-08-30,119.03,121.7423,123.2863,118.6127,1860551.0,601799
2024-09-02,122.0553,120.3757,122.5039,119.1969,1111140.0,601799
2024-09-03,120.5531,123.1507,123.2863,119.103,2088123.0,601799
2024-09-04,122.1387,128.3876,129.9732,121.9614,1879821.0,601799
2024-09-05,128.8883,129.702,131.9658,128.3354,1610169.0,601799
2024-09-06,129.775,131.7571,134.0522,129.5768,2179400.0,601799
2024-09-09,131.5693,126.9584,133.3115,126.1029,2468695.0,601799
2024-09-10,128.0642,124.5903,128.0642,122.4204,2316359.0,601799
2024-09-11,124.1521,130.1193,130.8182,122.9942,2272669.0,601799
2024-09-12,130.9017,126.6663,131.9762,126.5411,1242722.0,601799
2024-09-13,126.8123,123.0985,126.8123,122.0553,1955425.0,601799
2024-09-18,124.6842,131.4233,131.8301,123.328,2255900.0,601799
2024-09-19,131.5485,137.8077,138.2354,130.9225,3845272.0,601799
2024-09-20,136.1908,136.0656,138.7988,134.8659,1627506.0,601799
2024-09-23,135.7839,137.0045,139.2682,135.304,1449500.0,601799
2024-09-24,137.5469,139.8733,140.6244,133.8227,2387733.0,601799
2024-09-25,139.9984,137.2965,140.6244,136.7228,1725185.0,601799
2024-09-26,137.38,137.912,138.7466,134.5738,2219773.0,601799
2024-09-27,138.7466,141.8866,142.3978,137.7034,1330205.0,601799
2024-09-30,144.7242,154.0505,154.1861,142.8881,2701548.0,601799
2024-10-08,169.4378,163.8044,169.4378,152.3605,3793809.0,601799
2024-10-09,160.654,152.8821,162.9177,152.4544,2447914.0,601799
2024-10-10,152.0997,160.654,163.5228,151.7971,3292535.0,601799
2024-10-11,159.6107,156.1786,159.9967,153.0072,1059690.0,601799
2024-10-14,156.1682,158.4945,159.4751,152.1727,1569300.0,601799
2024-10-15,158.1711,145.3188,158.1711,145.0058,3260623.0,601799
2024-10-16,145.3918,147.3739,149.9715,143.9626,1734117.0,601799
2024-10-17,148.8135,146.4768,150.1801,146.0595,1000030.0,601799
2024-10-18,146.4768,154.9372,157.7121,145.4231,2354183.0,601799
2024-10-21,154.9476,155.4379,157.8373,152.3709,1548306.0,601799
2024-10-22,154.8537,156.4916,158.0355,154.3321,712830.0,601799
2024-10-23,156.5124,156.5854,157.5034,154.1861,1052200.0,601799
2024-10-24,156.7524,155.6883,158.9118,154.7494,844631.0,601799
2024-10-25,155.7405,154.6555,156.5229,153.3515,1497564.0,601799
2024-10-28,152.3083,147.9268,154.6451,144.5886,4716461.0,601799
2024-10-29,147.0714,143.2637,147.4052,141.8762,2888055.0,601799
2024-10-30,142.898,140.2131,143.4308,137.7266,2905345.0,601799
2024-10-31,139.3982,143.4413,144.5696,137.8624,2757296.0,601799
2024-11-01,143.4413,143.3473,145.4263,141.3832,1580714.0,601799
2024-11-04,143.3368,145.4263,147.5471,143.1488,1705907.0,601799
2024-11-05,144.8412,142.5846,144.8412,138.949,3025253.0,601799
2024-11-06,142.5115,143.1801,144.6949,140.6623,1939066.0,601799
2024-11-07,142.0831,142.1981,143.1279,139.5758,1597700.0,601799
2024-11-08,143.3368,143.5562,148.3306,142.7727,2119137.0,601799
2024-11-11,143.1279,149.9917,150.441,141.7488,2428013.0,601799
2024-11-12,149.9186,150.1693,155.2258,148.4873,1546276.0,601799
2024-11-13,148.7172,151.1932,151.6111,147.8501,1081700.0,601799
2024-11-14,149.8873,147.3486,151.9872,146.7949,1109321.0,601799
2024-11-15,146.262,143.8592,148.3515,143.7547,990862.0,601799
2024-11-18,146.2412,145.8442,150.232,144.2039,1394951.0,601799
2024-11-19,145.8442,149.7201,150.1066,145.8442,1031205.0,601799
2024-11-20,147.5157,150.3156,152.1021,147.5157,948008.0,601799
2024-11-21,149.8559,151.0992,154.505,149.8559,1454700.0,601799
2024-11-22,150.1798,140.4325,151.4857,139.9937,1975319.0,601799
2024-11-25,141.2996,143.6398,146.7844,140.4325,1656791.0,601799
2024-11-26,142.6787,142.616,144.0472,141.9473,744390.0,601799
2024-11-27,142.616,146.5128,146.7844,142.0831,899640.0,601799
2024-11-28,147.2859,142.4592,147.2859,141.8742,945094.0,601799
2024-11-29,140.4325,140.5578,143.3368,139.9937,1298954.0,601799
2024-12-02,139.8788,138.949,141.9787,137.9042,2224524.0,601799
2024-12-03,138.9489,139.7952,141.3623,137.549,1095596.0,601799
2024-12-04,139.1788,137.361,140.2235,136.5252,1929119.0,601799
2024-12-05,136.9013,135.2611,136.9744,134.2686,1392973.0,601799
2024-12-06,135.2611,135.3446,137.0684,134.279,1516491.0,601799
2024-12-09,135.3551,137.549,139.6176,134.0178,1719921.0,601799
2024-12-10,142.0831,140.6205,142.0831,138.0505,2106482.0,601799
2024-12-11,140.6205,142.5115,143.3159,139.3459,1483113.0,601799
2024-12-12,142.3234,142.2712,143.8905,140.0773,1006430.0,601799
2024-12-13,141.1638,138.6355,142.8667,138.6355,1085204.0,601799
2024-12-16,139.2415,135.2924,139.8579,134.4566,1051577.0,601799
2024-12-17,137.7789,138.5311,140.2235,135.0312,1147023.0,601799
2024-12-18,137.3296,138.2177,139.3668,136.1282,875652.0,601799
2024-12-19,137.6848,138.343,138.7922,136.0028,533985.0,601799
2024-12-20,138.9907,138.3326,139.3564,137.9042,445428.0,601799
2024-12-23,137.8415,140.4951,145.5307,137.4654,2295599.0,601799
2024-12-24,142.6159,141.1951,142.8667,139.3251,819144.0,601799
2024-12-25,139.7847,144.1726,145.1129,139.7847,1025300.0,601799
2024-12-26,143.2532,145.4472,146.6068,142.6055,966072.0,601799
2024-12-27,145.0084,141.3623,145.4263,140.7981,1180878.0,601799
2024-12-30,142.0727,140.5474,143.4726,140.3071,921141.0,601799
2024-12-31,141.028,139.4504,141.6026,138.5938,725800.0,601799
2025-01-02,138.4266,136.6297,140.422,135.4178,1003700.0,601799
2025-01-03,135.1879,134.4044,138.949,134.2059,1004615.0,601799
2025-01-06,133.7566,132.691,136.8386,131.1135,1455787.0,601799
2025-01-07,132.5657,135.4073,136.2849,131.4582,712100.0,601799
2025-01-08,135.0208,139.4609,141.6653,134.1223,1607598.0,601799
2025-01-09,138.949,138.8445,141.7802,137.7789,838200.0,601799
2025-01-10,138.6251,139.9937,140.6832,137.7789,764666.0,601799
2025-01-13,140.8295,139.9937,145.8964,139.7534,2029838.0,601799
2025-01-14,139.5131,142.6891,142.9189,139.5131,980922.0,601799
2025-01-15,142.1354,141.9264,143.8069,140.8608,789100.0,601799
2025-01-16,142.5219,140.0982,143.0861,138.646,764889.0,601799
2025-01-17,140.1504,143.0129,143.9323,138.9803,858829.0,601799
2025-01-20,143.0234,141.0384,145.4681,140.725,1010382.0,601799
2025-01-21,142.0831,137.5908,142.5324,136.1282,1643011.0,601799
2025-01-22,136.8595,137.6744,138.74,135.7103,839814.0,601799
2025-01-23,138.6878,136.6506,138.6878,135.5745,1102407.0,601799
2025-01-24,135.3447,137.152,139.3355,135.3447,1143925.0,601799
2025-01-27,137.246,137.5908,139.2415,136.452,541638.0,601799
2025-02-05,138.4684,136.7028,139.6803,135.6894,728818.0,601799
2025-02-06,136.4416,141.0384,141.4563,135.8565,1302560.0,601799
2025-02-07,142.1667,141.9055,144.0159,140.3802,1208960.0,601799
2025-02-10,141.8951,140.2862,142.71,139.5131,1026502.0,601799
2025-02-11,141.0698,141.5399,143.9323,140.2966,795032.0,601799
2025-02-12,140.3489,137.1102,141.4458,136.4207,1869916.0,601799
2025-02-13,137.0267,136.0864,138.4893,135.6894,1877803.0,601799
2025-02-14,136.0864,136.4521,137.6535,135.6894,1250548.0,601799
2025-02-17,136.4521,133.7253,136.4625,133.3179,1845210.0,601799
2025-02-18,133.7776,132.2836,136.3267,131.4269,1702007.0,601799
2025-02-19,132.4507,131.6672,133.5164,130.8627,1681072.0,601799
2025-02-20,131.6567,130.0688,131.8448,128.5017,1723116.0,601799
2025-02-21,130.1105,127.4569,130.1105,126.8301,3452033.0,601799
2025-02-24,127.4674,129.63,129.6613,125.5242,2023955.0,601799
2025-02-25,129.63,133.6626,134.0596,127.9793,3518757.0,601799
2025-02-26,133.7253,133.8402,135.2193,132.7433,1840812.0,601799
2025-02-27,134.1745,134.7596,134.9685,132.6283,2013969.0,601799
2025-02-28,133.7149,134.7909,135.1879,132.0224,2169311.0,601799
2025-03-03,134.5611,130.8628,135.0835,130.5807,1560489.0,601799
2025-03-04,129.8494,130.0688,131.3747,129.5464,955600.0,601799
2025-03-05,130.0688,130.8941,132.5552,129.5777,1335720.0,601799
2025-03-06,131.5105,126.4018,131.5941,126.3495,4543488.0,601799
2025-03-07,126.4018,131.5941,132.2627,125.9003,3784880.0,601799
2025-03-10,131.615,130.8001,133.7044,130.0688,1584424.0,601799
2025-03-11,129.4941,130.2464,130.5807,127.2375,1925451.0,601799
2025-03-12,130.5493,128.4285,130.9045,128.0629,1803244.0,601799
2025-03-13,129.1285,127.6137,129.1285,126.5376,860621.0,601799
2025-03-14,126.7779,131.2911,131.7612,126.7779,1835212.0,601799
2025-03-17,131.803,131.5105,133.3596,130.7165,952505.0,601799
2025-03-18,131.2807,130.6016,131.5,128.742,1617225.0,601799
2025-03-19,130.1419,129.5777,130.7896,129.024,994042.0,601799
2025-03-20,130.6747,142.5324,142.5324,130.2568,6847016.0,601799
2025-03-21,142.6264,140.0041,144.6741,139.0012,4701560.0,601799
2025-03-24,139.5131,145.1129,146.0531,139.0743,3895520.0,601799
2025-03-25,145.1755,144.0472,146.262,142.6682,1650580.0,601799
2025-03-26,143.1383,141.028,143.7547,140.8295,1228319.0,601799
2025-03-27,141.028,142.3966,144.4129,140.8921,1781491.0,601799
2025-03-28,142.3966,141.5608,143.4413,140.5161,1048016.0,601799
2025-03-31,140.8608,143.8905,146.6382,140.516,2398346.0,601799
2025-04-01,143.5458,141.2056,143.8592,140.9026,1668238.0,601799
2025-04-02,140.9339,139.9832,141.9682,139.0534,1273632.0,601799
2025-04-03,138.2281,137.4132,139.0534,135.9715,1093762.0,601799
2025-04-07,130.6538,123.6855,132.6283,123.675,2449589.0,601799
2025-04-08,123.1004,127.8644,128.0942,121.2094,2613605.0,601799
2025-04-09,126.5794,127.7286,130.1314,124.8451,1845200.0,601799
2025-04-10,130.2777,131.0926,134.0178,129.2121,1639963.0,601799
2025-04-11,130.8001,132.7851,133.1925,129.5568,1208731.0,601799
2025-04-14,133.3492,132.6806,137.246,131.5523,1561860.0,601799
2025-04-15,132.5239,130.6956,133.7253,129.8703,964100.0,601799
2025-04-16,130.2464,127.948,130.3822,126.8301,894586.0,601799
2025-04-17,126.6734,126.9868,128.3345,126.4436,949100.0,601799
2025-04-18,127.1435,128.6166,129.1598,126.7256,615867.0,601799
2025-04-21,128.3867,131.4165,131.9911,127.8748,753819.0,601799
2025-04-22,131.103,131.2911,132.1582,130.4658,667327.0,601799
2025-04-23,132.3149,131.7403,133.7253,130.1732,1492956.0,601799
2025-04-24,132.0537,132.7642,133.5999,131.312,1059755.0,601799
2025-04-25,132.6074,132.1582,133.2029,131.7717,455695.0,601799
2025-04-28,132.8895,131.3224,134.1954,130.6016,997066.0,601799
2025-04-29,133.9552,132.2522,136.6506,131.9702,1655851.0,601799
2025-04-30,132.8059,138.5311,138.8445,132.1269,1969884.0,601799
2025-05-06,139.5758,142.1667,143.6293,137.852,2392610.0,601799
2025-05-07,143.1906,142.2921,143.6502,140.0355,1322462.0,601799
2025-05-08,141.8324,139.3668,142.0831,138.74,1085472.0,601799
2025-05-09,139.4922,139.9937,141.6653,139.346,977050.0,601799
2025-05-12,140.9548,143.1801,143.3368,138.9489,1288614.0,601799
2025-05-13,144.1726,140.725,144.1726,140.0459,1181331.0,601799
2025-05-14,140.4951,143.9846,145.7292,139.4713,1472290.0,601799
2025-05-15,143.3264,145.186,145.7188,143.0025,843029.0,601799
2025-05-16,144.0368,144.4024,146.0845,143.6711,659258.0,601799
2025-05-19,146.7949,145.9591,149.25,143.2428,2325700.0,601799
2025-05-20,146.2621,146.0531,147.3068,143.0025,1288508.0,601799
2025-05-21,145.8546,146.5964,148.3306,145.4889,765200.0,601799
2025-05-22,146.0531,146.9516,148.2575,145.7397,554300.0,601799
2025-05-23,146.471,146.6695,148.0694,146.2621,625968.0,601799
2025-05-26,146.7844,146.4397,147.6933,145.4472,1018200.0,601799
2025-05-27,146.3665,144.9562,149.0411,144.1726,1232756.0,601799
2025-05-28,145.8315,147.6349,149.2273,145.3464,792289.0,601799
2025-05-29,147.7825,149.5859,150.8092,147.1708,787810.0,601799
2025-05-30,148.7,147.4345,149.723,146.6963,835446.0,601799
2025-06-03,147.0548,146.8544,148.9637,146.0635,1000971.0,601799
2025-06-04,147.1075,146.3799,147.9723,145.5467,1083665.0,601799
2025-06-05,146.3799,146.9494,147.3079,145.3253,953240.0,601799
2025-06-06,146.9493,147.6559,149.1746,146.3799,830815.0,601799
2025-06-09,147.1708,143.7539,147.3923,142.5833,2060684.0,601799
2025-06-10,144.1125,144.7241,145.9053,143.2688,856500.0,601799
2025-06-11,145.9264,146.4959,148.5945,145.1671,1030193.0,601799
2025-06-12,146.422,145.7998,147.329,145.2198,675193.0,601799
2025-06-13,145.0089,145.1354,146.8544,142.8997,898600.0,601799
2025-06-16,143.5113,140.6533,144.9983,139.6093,1695240.0,601799
2025-06-17,141.6763,139.0187,142.6782,138.1645,1136900.0,601799
2025-06-18,140.0733,136.688,140.0733,135.9603,1237601.0,601799
2025-06-19,137.0782,134.7053,138.5547,134.4417,1628511.0,601799
2025-06-20,134.7053,133.6507,134.9374,133.0707,766819.0,601799
2025-06-23,133.4714,131.0353,133.7351,130.508,1877407.0,601799
2025-06-24,131.6892,131.647,134.3784,131.0564,2182174.0,601799
2025-06-25,131.6153,133.7246,134.2519,131.6153,1249936.0,601799
2025-06-26,133.7246,130.6451,134.7475,130.5713,1858435.0,601799
2025-06-27,131.3833,130.4658,131.5099,128.8523,1549236.0,601799
2025-06-30,131.1091,131.8263,132.8281,129.8014,1581946.0,601799
2025-07-01,131.8263,131.0037,132.0372,130.8666,953000.0,601799
2025-07-02,130.7822,129.0632,130.9826,128.441,1728805.0,601799
2025-07-03,128.9788,129.3057,131.0247,128.7152,1108500.0,601799
2025-07-04,129.1265,129.6748,130.2338,128.346,903416.0,601799
2025-07-07,129.9912,128.346,130.1072,127.3652,1539750.0,601799
2025-07-08,128.1984,128.6624,129.4217,127.7133,1838244.0,601799
2025-07-09,128.8944,128.7151,130.2232,128.673,1152853.0,601799
2025-07-10,128.6413,127.5973,128.6413,126.9329,1398353.0,601799
2025-07-11,127.6078,128.8628,129.8119,127.3125,1424016.0,601799
2025-07-14,128.6624,127.7344,128.8206,127.4918,1716128.0,601799
2025-07-15,127.8187,128.0824,128.8628,127.4918,1111613.0,601799
2025-07-16,128.0824,128.1984,129.601,127.7133,1437705.0,601799
2025-07-17,128.5886,128.4093,129.1581,127.6394,1731550.0,601799
2025-07-18,128.4093,126.6481,128.6519,125.2877,3494884.0,601799
2025-07-21,126.5532,128.3039,128.5253,126.2368,2158145.0,601799
2025-07-22,127.9347,127.4391,128.0613,126.5532,1940363.0,601799
2025-07-23,127.3863,126.8696,128.4515,126.6376,1658103.0,601799
2025-07-24,126.8801,127.8715,128.1246,126.7114,1827929.0,601799
2025-07-25,127.6078,127.186,128.7468,127.1649,1717818.0,601799
2025-07-28,127.5973,128.1457,129.2846,127.1332,2297609.0,601799
2025-07-29,128.0191,126.6692,128.5991,125.9521,1673384.0,601799
2025-07-30,126.4266,126.7325,127.6078,126.3212,1681733.0,601799
2025-07-31,126.743,125.0557,126.7641,124.5494,1900508.0,601799
2025-08-01,124.9713,125.2877,125.6357,124.5073,1292359.0,601799
2025-08-04,124.444,125.7939,126.2685,124.3174,1030247.0,601799
2025-08-05,125.7939,128.5991,129.9385,125.7728,2761294.0,601799
2025-08-06,128.5991,130.3392,130.4131,127.7344,2931992.0,601799
2025-08-07,130.3498,129.2108,130.6662,128.7679,1533270.0,601799
2025-08-08,128.9893,127.8609,130.1811,127.7238,1840000.0,601799
2025-08-11,127.8293,128.2195,128.6413,127.4074,1273729.0,601799
2025-08-12,128.2195,128.8733,130.4447,128.0191,1689674.0,601799
2025-08-13,128.8733,129.0843,129.2952,128.0718,1448593.0,601799
2025-08-14,129.2952,127.5024,129.3901,127.1016,1593231.0,601799
2025-08-15,127.5129,128.3355,128.6202,127.1649,1161288.0,601799
2025-08-18,129.0421,128.2406,129.7065,127.6078,2452166.0,601799
2025-08-19,128.2406,129.2952,131.3833,127.7344,2382981.0,601799
2025-08-20,129.3057,132.3325,132.459,128.9155,3016499.0,601799
2025-08-21,132.343,132.8809,134.3362,131.3939,2132161.0,601799
2025-08-22,132.8809,134.9901,135.5068,132.7438,2748706.0,601799
2025-08-25,134.9901,139.0293,139.082,134.9795,4210408.0,601799
2025-08-26,138.7445,138.5652,139.0081,136.6564,2564213.0,601799
2025-08-27,138.1539,138.8183,140.5795,137.2786,2982163.0,601799
2025-08-28,134.8213,130.3498,134.8635,126.2157,9167992.0,601799
2025-08-29,129.0843,127.6922,129.0843,125.6146,4469224.0,601799
2025-09-01,128.1457,127.4391,129.0315,126.6798,3085172.0,601799
2025-09-02,127.4496,127.7976,128.9683,126.8696,2107925.0,601799
2025-09-03,127.8187,126.2263,128.2406,126.0364,1679800.0,601799
2025-09-04,126.0153,123.5581,126.0153,122.8621,2800944.0,601799
2025-09-05,123.3894,126.5005,126.5532,123.3894,2290175.0,601799
2025-09-08,127.186,127.0805,127.6922,126.3106,1697053.0,601799
2025-09-09,127.2071,127.1965,127.6922,125.4986,1453269.0,601799
2025-09-10,127.1649,127.6605,127.8293,126.6587,1597485.0,601799
2025-09-11,127.186,128.7046,128.8312,127.0278,1738932.0,601799
2025-09-12,128.7468,128.6519,129.1897,127.8293,1617019.0,601799
2025-09-15,129.1159,130.6451,130.9615,128.1351,2480523.0,601799
2025-09-16,130.6662,131.3939,133.5136,130.624,1997680.0,601799
2025-09-17,131.6575,133.5453,133.5453,131.6575,2321185.0,601799
2025-09-18,133.5453,130.7084,133.6191,128.8101,2940373.0,601799
2025-09-19,129.928,128.3039,130.2443,127.6606,3147569.0,601799
2025-09-22,128.4304,127.7555,129.601,126.9012,2142520.0,601799
2025-09-23,127.4285,127.0594,128.4515,125.7095,1875563.0,601799
2025-09-24,126.4161,128.8839,129.0632,125.7095,1519304.0,601799
2025-09-25,128.9155,140.4951,141.7712,128.557,8140501.0,601799
2025-09-26,146.1057,138.9554,147.5399,138.871,11975989.0,601799
2025-09-29,141.7396,137.943,141.7396,135.5807,4168552.0,601799
2025-09-30,137.2575,142.2458,143.0051,135.8549,4566318.0,601799
2025-10-09,142.2458,139.5882,142.2458,137.7742,3518611.0,601799
2025-10-10,139.1242,144.0597,148.3204,139.1242,5094607.0,601799
2025-10-13,140.7272,145.4096,148.6789,140.6744,5168967.0,601799
2025-10-14,146.5592,143.659,148.1832,142.6887,3064495.0,601799
2025-10-15,143.9964,146.169,147.9091,142.3724,2572441.0,601799
2025-10-16,145.3252,139.8624,146.0424,139.5249,2884300.0,601799
2025-10-17,139.8413,135.1799,140.2631,135.0428,1947006.0,601799
2025-10-20,136.4982,135.0639,137.7637,134.5682,1463007.0,601799
2025-10-21,135.4963,135.1272,136.4665,134.2729,1266938.0,601799
2025-10-22,135.1588,133.5874,138.2699,132.9336,1703214.0,601799
2025-10-23,132.8809,134.8741,135.8338,132.6699,1411600.0,601799
2025-10-24,134.9901,136.1502,136.9728,134.3151,1358926.0,601799
2025-10-27,137.5001,134.9901,137.5106,134.6315,1783800.0,601799
2025-10-28,134.9373,135.1905,136.572,134.1253,1194895.0,601799
2025-10-29,134.6948,135.7283,136.0447,134.0409,1226648.0,601799
2025-10-30,137.7954,136.0974,141.3177,135.992,3033045.0,601799
2025-10-31,136.0025,136.6775,138.1539,135.0006,1173134.0,601799
2025-11-03,137.0993,134.9901,137.0993,134.0726,1782125.0,601799
2025-11-04,134.8635,132.9441,136.7407,132.8809,2131022.0,601799
2025-11-05,131.415,131.9633,132.8809,130.8455,965013.0,601799
2025-11-06,133.1762,132.3536,133.4082,131.6786,1212888.0,601799
2025-11-07,131.6681,130.2443,132.8598,130.2338,1487600.0,601799
2025-11-10,130.2443,130.0123,130.6873,128.3039,1530850.0,601799
2025-11-11,130.0229,130.8665,131.6048,129.0632,1601507.0,601799
2025-11-12,130.4025,130.044,130.7716,129.2003,700458.0,601799
2025-11-13,129.717,131.088,131.2884,129.1159,726768.0,601799
2025-11-14,130.3909,130.6655,131.9119,130.2535,790700.0,601799
2025-11-17,129.9261,130.6233,130.7711,129.3134,850235.0,601799
2025-11-18,130.412,129.8733,131.1937,129.6198,1003450.0,601799
2025-11-19,129.9261,129.3979,130.9613,129.3979,1058420.0,601799
2025-11-20,129.9578,129.3662,130.919,128.743,1161199.0,601799
2025-11-21,128.4684,129.9789,132.0387,127.8135,2140794.0,601799
2025-11-24,129.9261,129.9261,131.5105,129.4719,1337110.0,601799
2025-11-25,130.7817,130.3592,131.5,129.7465,1500130.0,601799
2025-11-26,129.8416,130.3909,131.088,129.5036,1673500.0,601799
2025-11-27,129.7676,127.8135,130.243,127.6656,2245232.0,601799
2025-11-28,127.8663,127.2536,128.6374,126.7677,991655.0,601799
2025-12-01,127.2853,126.9684,127.8135,125.5952,1935064.0,601799
2025-12-02,126.3769,126.2396,127.2747,125.141,1383900.0,601799
2025-12-03,126.0494,129.7571,129.7571,125.817,1988158.0,601799
2025-12-04,130.3486,133.3485,134.426,130.0106,2642766.0,601799
2025-12-05,132.9683,135.2499,135.5985,132.9683,2526560.0,601799
2025-12-08,135.271,135.7886,136.5492,134.1513,2322073.0,601799
2025-12-09,135.345,133.2006,136.6865,131.7852,2621237.0,601799
2025-12-10,132.8415,133.2006,134.352,132.2394,1492379.0,601799
2025-12-11,135.2076,131.5211,135.4189,130.7394,1761704.0,601799
2025-12-12,131.5211,134.2147,134.2147,127.8135,8014820.0,601799
2025-12-15,133.8873,133.4225,135.7358,132.9471,2306404.0,601799
2025-12-16,133.5492,132.4084,134.6161,131.6901,1350858.0,601799
2025-12-17,131.9225,133.676,134.6478,131.2148,1306680.0,601799
2025-12-18,132.6936,131.8274,134.0246,131.5951,970022.0,601799
2025-12-19,131.8274,130.4542,132.5457,130.243,1541868.0,601799
2025-12-22,131.5105,130.993,131.838,129.9261,1251416.0,601799
2025-12-23,131.0775,128.6796,131.2782,128.236,1675232.0,601799
2025-12-24,128.6796,129.9261,130.1373,128.6585,858822.0,601799
2025-12-25,130.2113,130.7817,131.3838,129.8944,815300.0,601799
2025-12-26,130.7817,131.7429,132.0387,130.5071,1230706.0,601799
2025-12-29,132.0493,130.9085,132.25,130.6655,1455557.0,601799
2025-12-30,130.7923,131.0986,131.5106,130.5071,1335600.0,601799
2025-12-31,131.5105,130.3169,132.9894,130.1902,1502400.0,601799
2026-01-05,130.2324,133.7816,134.3309,129.5036,2111336.0,601799
2026-01-06,133.6232,135.0175,135.4823,133.6126,1907631.0,601799
2026-01-07,134.8274,134.8485,136.0421,134.2781,1289856.0,601799
2026-01-08,134.0563,133.6971,135.3027,133.2006,1019333.0,601799
2026-01-09,133.3591,133.5175,134.0351,132.3556,1406525.0,601799
2026-01-12,133.676,133.7816,134.6689,131.6796,1885057.0,601799
2026-01-13,134.1724,134.0774,138.123,133.7922,1878781.0,601799
2026-01-14,133.9612,133.2112,135.4189,132.25,1798120.0,601799
2026-01-15,133.095,133.095,134.4471,132.6197,1207300.0,601799
2026-01-16,133.676,131.5634,134.3098,130.169,3415746.0,601799
2026-01-19,130.8768,128.1304,131.8803,127.8346,4043804.0,601799
2026-01-20,128.8698,128.067,129.324,127.3381,2135600.0,601799
2026-01-21,128.067,128.3311,129.081,127.7184,2157107.0,601799
2026-01-22,128.8698,128.3944,130.8768,128.0775,1559800.0,601799
2026-01-23,128.3944,131.0986,131.5,128.3944,2751998.0,601799
2026-01-26,131.0986,126.8311,132.3028,126.7572,4253265.0,601799
2026-01-27,126.8311,126.4403,127.6656,125.7009,2113063.0,601799
2026-01-28,126.6621,139.0843,139.0843,125.7008,9874746.0,601799
2026-01-29,141.3025,150.1016,151.9818,140.4892,18282616.0,601799
2026-01-30,149.996,145.7707,149.996,139.116,8367426.0,601799
2026-02-02,144.7144,138.1547,145.0207,135.5351,6961866.0,601799
2026-02-03,140.0667,151.9713,151.9713,140.0667,13743802.0,601799
2026-02-04,151.9713,158.4042,162.4816,151.0523,11987056.0,601799
2026-02-05,158.4042,157.0521,162.4498,155.5944,4142213.0,601799
2026-02-06,155.8268,158.3831,161.0872,153.4501,5372697.0,601799
2026-02-09,158.3831,157.1894,159.1859,154.3691,3009392.0,601799
2026-02-10,159.5028,155.267,160.3478,154.4325,3391081.0,601799
2026-02-11,154.8867,154.2635,155.8796,149.2249,4546015.0,601799
2026-02-12,154.2212,162.6717,167.4251,153.1649,7858402.0,601799
2026-02-13,162.8724,160.0309,162.8829,158.5204,3256584.0,601799
2026-02-24,161.7316,160.5168,163.1998,158.4464,3347415.0,601799
2026-02-25,159.8619,160.1366,161.6999,156.6719,2311227.0,601799
2026-02-26,160.1366,160.7175,162.6717,158.1084,2947477.0,601799
2026-02-27,160.4534,161.2034,163.8864,157.4113,3492514.0,601799
2026-03-02,159.5028,162.8301,167.2455,158.1296,3264079.0,601799
2026-03-03,162.8829,157.3901,164.7843,155.9219,3393258.0,601799
2026-03-04,155.2775,151.084,157.3479,150.3023,4638941.0,601799
2026-03-05,152.8269,148.9397,153.8092,147.8939,2993124.0,601799
2026-03-06,148.9397,151.4325,153.693,147.0911,2177710.0,601799
2026-03-09,151.1262,145.2743,151.1262,143.7743,3293800.0,601799
2026-03-10,147.8834,151.76,151.8973,147.3552,2416812.0,601799
2026-03-11,152.6367,148.9925,153.1227,147.989,2424500.0,601799
2026-03-12,149.1298,146.5947,149.6157,145.982,1899374.0,601799
2026-03-13,146.4679,143.6581,148.5805,143.3412,1921763.0,601799
2026-03-16,143.6581,137.5949,144.7144,134.1724,4418368.0,601799
2026-03-17,139.38,138.8519,144.1863,137.6794,3094544.0,601799
2026-03-18,139.1793,139.6019,141.0068,137.4048,2633103.0,601799
2026-03-19,137.4364,133.9295,137.7217,132.4084,3870488.0,601799
2026-03-20,135.1126,131.088,135.683,130.2113,2857000.0,601799
2026-03-23,131.088,126.8628,131.9859,125.4368,4571890.0,601799
2026-03-24,129.1867,126.8628,129.7676,124.127,3111100.0,601799
2026-03-25,127.8135,130.6021,132.8838,126.8628,4217328.0,601799
2026-03-26,130.6127,128.7219,131.8274,127.3909,1748061.0,601799
2026-03-27,128.3311,130.9296,132.0176,127.2431,2571836.0,601799
2026-03-30,129.8733,130.7711,132.7676,128.6374,2200958.0,601799
2026-03-31,130.7711,128.8803,132.1972,128.7747,1862524.0,601799
2026-04-01,130.8768,129.9261,131.7957,129.3029,2284019.0,601799
2026-04-02,129.493,128.0036,130.1902,126.2924,3415201.0,601799
2026-04-03,128.574,126.5142,128.574,124.7502,1676844.0,601799
2026-04-07,126.9684,126.3346,127.2853,125.2783,1434300.0,601799
2026-04-08,129.3979,132.007,132.4612,129.3346,3541547.0,601799
2026-04-09,130.993,132.7359,134.5633,130.2747,2657164.0,601799
2026-04-10,132.8838,136.4752,138.2498,132.8838,3491523.0,601799
2026-04-13,133.8767,128.912,135.9999,128.5423,5025777.0,601799
2026-04-14,129.9261,130.0317,131.6373,128.8803,1891194.0,601799
2026-04-15,131.4472,136.4224,139.2322,131.1408,4838013.0,601799
2026-04-16,140.8483,137.3203,144.0701,136.4752,4894153.0,601799
2026-04-17,137.5632,140.5948,142.4539,134.9964,4491492.0,601799
2026-04-20,140.5948,139.3272,141.5455,138.6935,2473324.0,601799
2026-04-21,138.5878,136.8238,138.8097,135.3344,2169100.0,601799
2026-04-22,136.0316,135.0281,136.5597,132.4824,3056316.0,601799
2026-04-23,135.2076,131.669,135.6724,130.2219,3702855.0,601799
2026-04-24,131.3415,131.5951,132.7042,131.0246,1858094.0,601799
2026-04-27,131.5951,131.2148,132.6514,130.7183,1640755.0,601799
2026-04-28,130.6761,133.2323,135.5034,129.9261,2954638.0,601799
2026-04-29,133.2852,132.7781,134.1408,132.007,2246555.0,601799
2026-04-30,133.095,131.0669,138.0914,131.0141,5005322.0,601799
2026-05-06,131.088,132.0281,133.4436,130.0528,3108901.0,601799
2026-05-07,131.5106,139.1266,141.5349,131.5106,5148239.0,601799
2026-05-08,139.4117,145.7285,148.2002,138.4083,8306189.0,601799
2026-05-11,147.8833,146.9327,151.7917,146.6263,6556129.0,601799
2026-05-12,147.6721,145.8552,148.3059,142.4328,4641969.0,601799
2026-05-13,144.7461,144.313,148.3059,143.7637,3185220.0,601799
2026-05-14,144.3025,136.3273,144.8412,136.1583,3699452.0,601799
2026-05-15,136.8132,143.6687,149.9643,134.6795,8254551.0,601799
2026-05-18,145.5848,139.6544,145.5848,138.7338,6277961.0,601799
2026-05-19,141.2387,140.7998,147.6616,139.2262,6643849.0,601799
2026-05-20,140.104,142.2128,144.3003,136.3252,4211052.0,601799
2026-05-21,140.3395,151.2155,156.2896,140.3395,10525864.0,601799
2026-05-22,152.3074,153.1103,153.699,146.8266,7259826.0,601799
2026-05-25,152.0077,154.823,155.5188,149.8667,5483640.0,601799
2026-05-26,153.4635,155.0264,157.4992,151.0764,4925320.0,601799
2026-05-27,153.4849,149.6098,155.3262,148.261,4302712.0,601799
2026-05-28,149.7597,143.8721,149.7918,142.7695,3659713.0,601799
2026-05-29,143.9791,135.9505,144.8034,135.0085,4721173.0,601799
2026-06-01,136.9996,135.4153,137.3422,132.8676,2607423.0,601799
2026-06-02,136.1325,135.9826,137.8988,133.1245,2525012.0,601799
2026-06-03,135.9826,132.0754,137.0103,131.1334,3175288.0,601799
2026-06-04,131.6793,136.9675,141.6134,130.5982,5493540.0,601799
2026-06-05,136.8926,134.5589,138.616,132.2039,2837481.0,601799
2026-06-08,132.4929,130.9728,134.5803,129.699,3277557.0,601799
2026-06-09,132.054,134.1307,134.6981,129.3136,3081862.0,601799
2026-06-10,133.3386,129.2065,135.7043,128.0397,3470895.0,601799
2026-06-11,129.517,128.0076,133.2529,127.3974,2872750.0,601799
2026-06-12,129.0031,126.1878,129.5384,125.9523,3797700.0,601799
2026-06-15,127.1191,127.087,129.5277,126.5303,2943109.0,601799
2026-06-16,127.3867,126.4233,127.8898,126.2627,2292402.0,601799
2026-06-17,126.4447,127.1833,127.5473,124.1753,2862472.0,601799
2026-06-18,127.3653,122.0986,127.3974,122.0772,4317146.0,601799
2026-06-22,120.996,118.8657,121.0067,115.6971,5258390.0,601799
2026-06-23,118.0843,120.8033,123.0299,116.896,3437550.0,601799
2026-06-24,120.7819,118.3733,120.9103,118.2877,1740824.0,601799
2026-06-25,118.5018,116.4572,120.4286,116.2538,2224809.0,601799
2026-06-26,116.971,104.8104,116.971,104.8104,8455794.0,601799
2026-06-29,100.7104,97.1458,100.871,95.2724,13619130.0,601799
2026-06-30,96.8781,97.0066,97.9272,93.4312,6000926.0,601799
2026-07-01,97.0494,103.8362,104.1895,96.3964,7029145.0,601799
2026-07-02,103.9005,105.442,110.6124,102.7658,7949023.0,601799
2026-07-03,105.442,107.3795,110.4732,104.0503,6187985.0,601799
2026-07-06,107.3688,109.4669,111.3617,105.442,4535717.0,601799
2026-07-07,110.2591,109.1886,112.1753,108.7711,3830752.0,601799
2026-07-08,108.1181,104.5535,108.6748,104.3929,2917658.0,601799
2026-07-09,104.3608,101.6204,104.3715,99.7791,3281114.0,601799
2026-07-10,101.6204,99.9183,103.7613,99.4473,3547416.0,601799
2026-07-13,99.7042,97.7452,100.5606,97.499,3555481.0,601799
2026-07-14,97.4134,96.8567,98.3661,94.7586,4039268.0,601799
2026-07-15,96.3536,98.1092,98.987,95.8184,2269979.0,601799
2026-07-16,98.1199,96.9317,99.4259,96.5784,2284681.0,601799
2026-07-17,97.2742,93.2064,97.788,91.6328,3814386.0,601799
2026-07-20,93.6239,94.6515,95.8933,91.7077,3511886.0,601799
2026-07-21,95.5936,96.3964,99.1047,95.0369,4748616.0,601799
2026-07-22,95.4865,95.3902,96.3429,94.2341,2654306.0,601799
2026-07-23,95.2724,97.97,98.3554,95.144,2636564.0,601799
2026-07-24,96.7283,95.8077,97.1244,95.5079,1595758.0,601799
2026-07-27,95.8077,96.3429,97.0922,95.0583,2096904.0,601799
2026-07-28,96.3536,100.6569,101.7916,95.2724,5050732.0,601799
2026-07-29,100.582,100.9245,103.301,99.2439,3476788.0,601799
2026-07-30,100.9781,101.7488,104.7783,100.0896,3371259.0,601799
2026-07-31,101.8023,106.1913,106.6195,101.4812,4794458.0,601799
2026-08-03,107.0477,104.2216,107.7328,103.9433,2328600.0,601799
2026-08-04,104.1788,101.7167,104.8318,100.0039,3285835.0,601799
2026-08-05,101.6846,102.1021,102.7122,101.16,2113603.0,601799
2026-08-06,101.6953,100.8068,102.8621,100.1003,2072111.0,601799
2026-08-07,100.8389,101.0102,101.6846,99.6828,1684142.0,601799
2026-08-10,100.9888,102.8835,105.442,100.6462,2922686.0,601799
2026-08-11,102.8942,102.6801,104.0396,101.4812,1743900.0,601799
2026-08-12,102.6908,102.1449,103.5686,101.5775,2082584.0,601799
2026-08-13,102.7658,101.0851,103.3224,101.0316,2147013.0,601799
2026-08-14,100.8496,98.4946,101.2243,98.4946,2236601.0,601799
2026-08-17,98.4946,98.4303,99.1047,96.8567,2609710.0,601799
2026-08-18,94.4482,99.3509,100.0896,94.4482,2944018.0,601799
2026-08-19,98.4946,95.0904,98.5695,95.0797,3235651.0,601799
2026-08-20,95.1119,94.5231,97.7024,93.9022,3071838.0,601799
2026-08-21,94.4375,92.5962,94.6837,92.3607,2563619.0,601799
2026-08-24,92.1252,89.5775,92.1252,87.7791,4859706.0,601799
2026-08-25,88.6783,90.3696,90.9905,87.5436,3254725.0,601799
2026-08-26,89.92,92.4357,93.3028,89.2992,3557713.0,601799
2026-08-27,90.4553,87.6292,91.515,87.0512,6284958.0,601799
2026-08-28,86.7086,87.2224,90.8192,86.7086,4922753.0,601799
2026-08-31,85.6381,83.9147,86.259,80.2536,10417296.0,601799
2026-09-01,82.8121,83.7327,88.6355,82.4267,9757562.0,601799
2026-09-02,82.9619,83.1653,84.5463,81.3562,5956289.0,601799
2026-09-03,84.5677,80.1573,84.5677,79.408,8631189.0,601799
2026-09-04,80.821,81.6988,85.499,79.7612,10316960.0,601799
